{
  "n_test": 130,
  "multiclass": true,
  "target_precision": 0.95,
  "_modo": "FINAL (teste held-out; calibrado na val)",
  "_holdout": "test",
  "global_vs_baselines": {
    "modelo_proto": {
      "auroc": 0.7278706494930117,
      "ap": 0.8017022370599584
    },
    "modelo_aux": {
      "auroc": 0.7053987393806522,
      "ap": 0.7610359995614696
    },
    "modelo_fusao": {
      "auroc": 0.725130172650041,
      "ap": 0.7957846325651754
    },
    "baseline_confound_resaspect_photo": {
      "auroc": 0.6348314606741573,
      "ap": 0.8759527969800843
    },
    "baseline_resolucao_trivial": {
      "auroc": 0.9943820224719101,
      "ap": 0.9964563526361279
    },
    "baseline_logreg_dinov2_cru": {
      "auroc": 0.7459577966566182,
      "ap": 0.8640065304151718
    },
    "baseline_oneclass_knn_dinov2": {
      "auroc": 0.6747053987393806,
      "ap": 0.7488326978180253
    },
    "baseline_fracao_padding_cinza": {
      "auroc": 0.9719101123595506,
      "ap": 0.9892862182837197
    }
  },
  "primaria_subconjunto_controlado": {
    "n": 71,
    "n_erro": 30,
    "modelo_fusao": {
      "auroc": 0.6707317073170731,
      "ap": 0.5328326551514595
    },
    "modelo_proto": {
      "auroc": 0.6845528455284553,
      "ap": 0.5551755615323821
    },
    "baseline_confound": {
      "auroc": 0.3833333333333333,
      "ap": 0.6172754158306466
    },
    "ci95_fusao_auroc": [
      0.5756812906614259,
      0.8349237351190477
    ]
  },
  "sintetico_livre_de_confound": {
    "n_clean": 41,
    "n_synth": 164,
    "modelo_proto": {
      "auroc": 0.6951219512195121,
      "ap": 0.8678871247840876
    },
    "modelo_fusao": {
      "auroc": 0.6954937537180249,
      "ap": 0.8679306224697597
    },
    "nota": "erros injetados nas limpas de test (mesma resolucao) -> sem confound geometrico"
  },
  "auditoria_same_resolution": {
    "n": 3,
    "itens": [
      {
        "file": "IKSWW-99166_unfold_portrait_screenshot1.png",
        "score_proto": 0.6342945098876953,
        "fused": 0.8345946073532104,
        "independente": true
      },
      {
        "file": "IKSWW-130772_unfold_portrait_screenshot1.png",
        "score_proto": 0.02820765972137451,
        "fused": 0.6462090015411377,
        "independente": true
      },
      {
        "file": "IKSWW-118636_unfold_portrait_screenshot1.png",
        "score_proto": 0.11988449096679688,
        "fused": 0.7477189302444458,
        "independente": true
      }
    ],
    "nota": "Screenshot_* sao quase-duplicatas da sessao no_erros; 'independente'=True e o unico teste real anti-confound"
  },
  "falseabilidade": {
    "auroc_modelo_predizendo_resolucao": 0.7207792207792209,
    "auroc_modelo_predizendo_erro": 0.725130172650041,
    "interpretacao": "Se os dois AUROC sao parecidos, o modelo rastreia resolucao, nao erro. Diferenca grande favorece deteccao de conteudo.",
    "auroc_label_shuffle_no_estrato": 0.7418470813921623
  },
  "limiar_por_precisao": {
    "precisao_alvo_0.9": {
      "threshold": 0.782630443572998,
      "val": {
        "val_precision": 0.9285714285714286,
        "val_recall": 0.23636363636363636,
        "target_precision": 0.9
      },
      "test_precision": 0.8048780487804879,
      "test_recall": 0.3707865168539326,
      "test_tp": 33,
      "test_fp": 8,
      "test_fn": 56
    },
    "precisao_alvo_0.95": {
      "threshold": 0.7956892251968384,
      "val": {
        "val_precision": 1.0,
        "val_recall": 0.2,
        "target_precision": 0.95
      },
      "test_precision": 0.78125,
      "test_recall": 0.2808988764044944,
      "test_tp": 25,
      "test_fp": 7,
      "test_fn": 64
    },
    "precisao_alvo_0.99": {
      "threshold": 0.7956892251968384,
      "val": {
        "val_precision": 1.0,
        "val_recall": 0.2,
        "target_precision": 0.99
      },
      "test_precision": 0.78125,
      "test_recall": 0.2808988764044944,
      "test_tp": 25,
      "test_fp": 7,
      "test_fn": 64
    }
  },
  "precision_at_k": {
    "5": 0.6,
    "10": 0.6,
    "20": 0.75
  },
  "ci95_global_auroc_fusao": [
    0.6689561050740138,
    0.8353304334554335
  ],
  "ponto_operacao": {
    "objetivo": "f1",
    "threshold": 0.5283135771751404,
    "n": 130,
    "acuracia": 0.7,
    "balanced_accuracy": 0.5441216771718279,
    "precisao": 0.7049180327868853,
    "recall": 0.9662921348314607,
    "f1": 0.8151658767772512,
    "mcc": 0.17062553698545527,
    "especificidade": 0.12195121951219512,
    "fpr": 0.8780487804878049,
    "auroc": 0.725130172650041,
    "ap": 0.7957846325651754,
    "brier": 0.1897018551826477,
    "ece": 0.09864999193411611,
    "confusao": {
      "TP": 86,
      "TN": 5,
      "FP": 36,
      "FN": 3
    },
    "ci95_acuracia": [
      0.5,
      0.9292929292929293
    ],
    "ci95_f1": [
      0.6462620879614382,
      0.9625668449197861
    ]
  },
  "ponto_operacao_treino": {
    "objetivo": "f1",
    "threshold": 0.5283135771751404,
    "n": 330,
    "acuracia": 0.8818181818181818,
    "balanced_accuracy": 0.8142857142857143,
    "precisao": 0.8522727272727273,
    "recall": 1.0,
    "f1": 0.9202453987730062,
    "mcc": 0.7319250547113999,
    "especificidade": 0.6285714285714286,
    "fpr": 0.37142857142857144,
    "auroc": 0.9979682539682541,
    "ap": 0.9990629334641045,
    "brier": 0.12735870480537415,
    "ece": 0.31186257293730074,
    "confusao": {
      "TP": 225,
      "TN": 66,
      "FP": 39,
      "FN": 0
    },
    "ci95_acuracia": [
      0.8174969346049047,
      0.9701811965811965
    ],
    "ci95_f1": [
      0.846533749422099,
      0.9845641487753828
    ]
  },
  "estagio2_categoria": {
    "n_erro": 89,
    "classes": [
      "black_bars",
      "disordered_layout",
      "distortion",
      "empty_space",
      "orientation",
      "overlay"
    ],
    "por_prototipo": {
      "accuracy": 0.4157303370786517,
      "f1_macro": 0.3884180195375641,
      "f1_por_classe": {
        "black_bars": 0.5161290322580645,
        "disordered_layout": 0.2222222222222222,
        "distortion": 0.8,
        "empty_space": 0.4,
        "orientation": 0.0,
        "overlay": 0.39215686274509803
      },
      "confusion_matrix": [
        [
          16,
          4,
          0,
          2,
          1,
          5
        ],
        [
          2,
          3,
          0,
          3,
          0,
          5
        ],
        [
          0,
          0,
          2,
          0,
          0,
          1
        ],
        [
          7,
          0,
          0,
          6,
          0,
          3
        ],
        [
          2,
          0,
          0,
          0,
          0,
          0
        ],
        [
          7,
          7,
          0,
          3,
          0,
          10
        ]
      ]
    },
    "por_aux_head": {
      "accuracy": 0.4044943820224719,
      "f1_macro": 0.37906858175675384,
      "f1_por_classe": {
        "black_bars": 0.5161290322580645,
        "disordered_layout": 0.23076923076923078,
        "distortion": 0.8,
        "empty_space": 0.35714285714285715,
        "orientation": 0.0,
        "overlay": 0.37037037037037035
      },
      "confusion_matrix": [
        [
          16,
          3,
          0,
          2,
          1,
          6
        ],
        [
          2,
          3,
          0,
          2,
          0,
          6
        ],
        [
          0,
          0,
          2,
          0,
          0,
          1
        ],
        [
          7,
          0,
          0,
          5,
          0,
          4
        ],
        [
          2,
          0,
          0,
          0,
          0,
          0
        ],
        [
          7,
          7,
          0,
          3,
          0,
          10
        ]
      ]
    },
    "nota": "categoria atribuida SO a imagens de ERRO. 'por_prototipo' = clusterizacao no espaco z (protótipo mais próximo)."
  },
  "estagio2_categoria_treino": {
    "n_erro": 225,