{
  "n_treino": 273,
  "n_teste": 108,
  "binaria": {
    "treino": {
      "acc": 0.8754578754578755,
      "precisao": 0.9926470588235294,
      "recall": 0.8035714285714286,
      "f1": 0.8881578947368421,
      "auroc": 0.991156462585034,
      "bAcc": 0.8970238095238096,
      "TP": 135,
      "TN": 104,
      "FP": 1,
      "FN": 33
    },
    "teste": {
      "acc": 0.5833333333333334,
      "precisao": 0.6964285714285714,
      "recall": 0.582089552238806,
      "f1": 0.6341463414634146,
      "auroc": 0.5962868583909721,
      "bAcc": 0.5837277029486713,
      "TP": 39,
      "TN": 24,
      "FP": 17,
      "FN": 28
    }
  },
  "categoria_5classes": {
    "treino": {
      "accuracy": 0.8754578754578755,
      "f1_macro": 0.8824271422357546,
      "auroc_macro": 0.9927937923012939,
      "confusion": [
        [
          104,
          0,
          0,
          0,
          1
        ],
        [
          0,
          52,
          0,
          0,
          0
        ],
        [
          0,
          0,
          26,
          0,
          0
        ],
        [
          0,
          0,
          0,
          36,
          0
        ],
        [
          33,
          0,
          0,
          0,
          21
        ]
      ]
    },
    "teste": {
      "accuracy": 0.37962962962962965,
      "f1_macro": 0.2863594686550426,
      "auroc_macro": 0.607781923393728,
      "confusion": [
        [
          24,
          7,
          4,
          2,
          4
        ],
        [
          6,
          11,
          1,
          2,
          2
        ],
        [
          5,
          0,
          0,
          4,
          1
        ],
        [
          6,
          2,
          1,
          3,
          2
        ],
        [
          11,
          1,
          4,
          2,
          3
        ]
      ]
    }
  },
  "por_classe_teste": {
    "clean": {
      "precisao": 0.46153846153846156,
      "recall": 0.5853658536585366,
      "f1": 0.5161290322580645,
      "auroc": 0.6072078631234075,
      "acuracia_ovr": 0.5833333333333334,
      "suporte": 41
    },
    "black_bars": {
      "precisao": 0.5238095238095238,
      "recall": 0.5,
      "f1": 0.5116279069767442,
      "auroc": 0.6786469344608879,
      "acuracia_ovr": 0.8055555555555556,
      "suporte": 22
    },
    "disordered_layout": {
      "precisao": 0.0,
      "recall": 0.0,
      "f1": 0.0,
      "auroc": 0.5173469387755102,
      "acuracia_ovr": 0.8148148148148148,
      "suporte": 10
    },
    "empty_space": {
      "precisao": 0.23076923076923078,
      "recall": 0.21428571428571427,
      "f1": 0.2222222222222222,
      "auroc": 0.6079027355623101,
      "acuracia_ovr": 0.8055555555555556,
      "suporte": 14
    },
    "overlay": {
      "precisao": 0.25,
      "recall": 0.14285714285714285,
      "f1": 0.18181818181818182,
      "auroc": 0.6278051450465244,
      "acuracia_ovr": 0.75,
      "suporte": 21
    }
  },
  "por_classe_treino": {
    "clean": {
      "precisao": 0.7591240875912408,
      "recall": 0.9904761904761905,
      "f1": 0.859504132231405,
      "auroc": 0.9731859410430839,
      "acuracia_ovr": 0.8754578754578755,
      "suporte": 105
    },
    "black_bars": {
      "precisao": 1.0,
      "recall": 1.0,
      "f1": 1.0,
      "auroc": 1.0,
      "acuracia_ovr": 1.0,
      "suporte": 52
    },
    "disordered_layout": {
      "precisao": 1.0,
      "recall": 1.0,
      "f1": 1.0,
      "auroc": 1.0,
      "acuracia_ovr": 1.0,
      "suporte": 26
    },
    "empty_space": {
      "precisao": 1.0,
      "recall": 1.0,
      "f1": 1.0,
      "auroc": 1.0,
      "acuracia_ovr": 1.0,
      "suporte": 36
    },
    "overlay": {
      "precisao": 0.9545454545454546,
      "recall": 0.3888888888888889,
      "f1": 0.5526315789473685,
      "auroc": 0.9907830204633857,
      "acuracia_ovr": 0.8754578754578755,
      "suporte": 54
    }
  },
  "limiar_gate": 0.5491011142730713,
  "categorias": [
    "clean",
    "black_bars",
    "disordered_layout",
    "empty_space",
    "overlay"
  ]
}