{
  "n_test": 131,
  "multiclass": true,
  "target_precision": 0.95,
  "global_vs_baselines": {
    "modelo_proto": {
      "auroc": 0.7834688346883469,
      "ap": 0.8752138269709394
    },
    "modelo_aux": {
      "auroc": 0.7799457994579946,
      "ap": 0.8687460467740478
    },
    "modelo_fusao": {
      "auroc": 0.7856368563685636,
      "ap": 0.8722364884206679
    },
    "baseline_confound_resaspect_photo": {
      "auroc": 0.7222222222222222,
      "ap": 0.9089446110368286
    },
    "baseline_resolucao_trivial": {
      "auroc": 1.0,
      "ap": 1.0
    },
    "baseline_logreg_dinov2_cru": {
      "auroc": 0.8897018970189702,
      "ap": 0.9436743998591951
    },
    "baseline_oneclass_knn_dinov2": {
      "auroc": 0.7398373983739837,
      "ap": 0.8192234210821747
    },
    "baseline_fracao_padding_cinza": {
      "auroc": 0.9555555555555556,
      "ap": 0.9859277369779377
    }
  },
  "primaria_subconjunto_controlado": {
    "n": 69,
    "n_erro": 28,
    "modelo_fusao": {
      "auroc": 0.6925087108013936,
      "ap": 0.6427235588153968
    },
    "modelo_proto": {
      "auroc": 0.6925087108013936,
      "ap": 0.6489166337932593
    },
    "baseline_confound": {
      "auroc": 0.4642857142857143,
      "ap": 0.6673116738334129
    },
    "ci95_fusao_auroc": [
      0.5483975490196078,
      0.815652493232435
    ]
  },
  "sintetico_livre_de_confound": {
    "n_clean": 41,
    "n_synth": 164,
    "modelo_proto": {
      "auroc": 0.7987061273051755,
      "ap": 0.9386623454661065
    },
    "modelo_fusao": {
      "auroc": 0.8053985722784057,
      "ap": 0.9408072538469486
    },
    "nota": "erros injetados nas proprias imagens limpas de teste (mesma resolucao) -> sem confound geometrico"
  },
  "auditoria_same_resolution": {
    "n": 1,
    "itens": [
      {
        "file": "IKSWW-99166_unfold_portrait_screenshot1.png",
        "score_proto": 0.4178805947303772,
        "fused": 0.7995388507843018,
        "independente": true
      }
    ],
    "nota": "Screenshot_* sao quase-duplicatas da sessao no_erros; 'independente'=True e o unico teste real anti-confound"
  },
  "falseabilidade": {
    "auroc_modelo_predizendo_resolucao": 0.7856368563685636,
    "auroc_modelo_predizendo_erro": 0.7856368563685636,
    "interpretacao": "Se os dois AUROC sao parecidos, o modelo rastreia resolucao, nao erro. Diferenca grande favorece deteccao de conteudo.",
    "auroc_label_shuffle_no_estrato": 0.8864498644986449
  },
  "limiar_por_precisao": {
    "precisao_alvo_0.9": {
      "threshold": 0.7752676010131836,
      "val": {
        "val_precision": 0.9411764705882353,
        "val_recall": 0.2857142857142857,
        "target_precision": 0.9
      },
      "test_precision": 0.8928571428571429,
      "test_recall": 0.2777777777777778,
      "test_tp": 25,
      "test_fp": 3,
      "test_fn": 65
    },
    "precisao_alvo_0.95": {
      "threshold": 0.7836206555366516,
      "val": {
        "val_precision": 1.0,
        "val_recall": 0.125,
        "target_precision": 0.95
      },
      "test_precision": 0.9444444444444444,
      "test_recall": 0.18888888888888888,
      "test_tp": 17,
      "test_fp": 1,
      "test_fn": 73
    },
    "precisao_alvo_0.99": {
      "threshold": 0.7836206555366516,
      "val": {
        "val_precision": 1.0,
        "val_recall": 0.125,
        "target_precision": 0.99
      },
      "test_precision": 0.9444444444444444,
      "test_recall": 0.18888888888888888,
      "test_tp": 17,
      "test_fp": 1,
      "test_fn": 73
    }
  },
  "precision_at_k": {
    "5": 1.0,
    "10": 0.9,
    "20": 0.9
  },
  "ci95_global_auroc_fusao": [
    0.6917860239919064,
    0.8673059242842461
  ],
  "ponto_operacao": {
    "objetivo": "f1",
    "threshold": 0.6389285922050476,
    "n": 131,
    "acuracia": 0.7786259541984732,
    "balanced_accuracy": 0.7127371273712737,
    "precisao": 0.8080808080808081,
    "recall": 0.8888888888888888,
    "f1": 0.8465608465608465,
    "auroc": 0.7856368563685636,
    "ap": 0.8722364884206679,
    "confusao": {
      "TP": 80,
      "TN": 22,
      "FP": 19,
      "FN": 10
    },
    "ci95_acuracia": [
      0.7098763024460912,
      0.8496725211466165
    ]
  },
  "ponto_operacao_treino": {
    "objetivo": "f1",
    "threshold": 0.6389285922050476,
    "n": 328,
    "acuracia": 0.9878048780487805,
    "balanced_accuracy": 0.9885116378389921,
    "precisao": 0.995475113122172,
    "recall": 0.9865470852017937,
    "f1": 0.990990990990991,
    "auroc": 0.9993593850096093,
    "ap": 0.99969698754262,
    "confusao": {
      "TP": 220,
      "TN": 104,
      "FP": 1,
      "FN": 3
    },
    "ci95_acuracia": [
      0.9728915662650602,
      0.9970330786131316
    ]
  },
  "estagio2_categoria": {
    "n_erro": 90,
    "classes": [
      "black_bars",
      "disordered_layout",
      "distortion",
      "empty_space",
      "orientation",
      "overlay"
    ],
    "por_prototipo": {
      "accuracy": 0.35555555555555557,
      "f1_macro": 0.22623655913978494,
      "f1_por_classe": {
        "black_bars": 0.48,
        "disordered_layout": 0.2,
        "distortion": 0.0,
        "empty_space": 0.25806451612903225,
        "orientation": 0.0,
        "overlay": 0.41935483870967744
      },
      "confusion_matrix": [
        [
          12,
          1,
          0,
          5,
          1,
          8
        ],
        [
          2,
          3,
          0,
          2,
          1,
          6
        ],
        [
          1,
          1,
          0,
          0,
          0,
          1
        ],
        [
          2,
          5,
          0,
          4,
          0,
          6
        ],
        [
          0,
          1,
          0,
          0,
          0,
          1
        ],
        [
          6,
          5,
          0,
          3,
          0,
          13
        ]
      ]
    },
    "por_aux_head": {
      "accuracy": 0.35555555555555557,
      "f1_macro": 0.22648297491039426,
      "f1_por_classe": {
        "black_bars": 0.48,
        "disordered_layout": 0.1875,
        "distortion": 0.0,
        "empty_space": 0.25806451612903225,
        "orientation": 0.0,
        "overlay": 0.43333333333333335
      },
      "confusion_matrix": [
        [
          12,
          1,
          0,
          5,
          1,
          8
        ],
        [
          2,
          3,
          0,
          2,
          1,
          6
        ],
        [
          1,
          1,
          0,
          0,
          0,
          1
        ],
        [
          2,
          6,
          0,
          4,
          0,
          5
        ],
        [
          0,
          2,
          0,
          0,
          0,
          0
        ],
        [
          6,
          5,
          0,
          3,
          0,
          13
        ]
      ]
    },
    "nota": "categoria atribuida SO a imagens de ERRO (held-out). 'por_prototipo' = clusterizacao no espaco z (protótipo mais próximo)."
  },
  "estagio2_categoria_treino": {
    "n_erro": 223,
    "classes": [
      "black_bars",
      "disordered_layout",
      "distortion",
      "empty_space",
      "orientation",
      "overlay"
    ],
    "por_prototipo": {
      "accuracy": 1.0,
      "f1_macro": 1.0,
      "f1_por_classe": {
        "black_bars": 1.0,
        "disordered_layout": 1.0,
        "distortion": 1.0,
        "empty_space": 1.0,
        "orientation": 1.0,
        "overlay": 1.0
      },