{
  "n_test": 131,
  "multiclass": true,
  "target_precision": 0.95,
  "global_vs_baselines": {
    "modelo_proto": {
      "auroc": 0.8035230352303523,
      "ap": 0.8815349745103527
    },
    "modelo_aux": {
      "auroc": 0.8037940379403795,
      "ap": 0.8857376780990709
    },
    "modelo_fusao": {
      "auroc": 0.8043360433604335,
      "ap": 0.8844316389842146
    },
    "baseline_confound_resaspect_photo": {
      "auroc": 0.7222222222222222,
      "ap": 0.9089446110368286
    },
    "baseline_resolucao_trivial": {
      "auroc": 1.0,
      "ap": 1.0
    },
    "baseline_logreg_dinov2_cru": {
      "auroc": 0.8897018970189702,
      "ap": 0.9436743998591951
    },
    "baseline_oneclass_knn_dinov2": {
      "auroc": 0.7398373983739837,
      "ap": 0.8192234210821747
    },
    "baseline_fracao_padding_cinza": {
      "auroc": 0.9555555555555556,
      "ap": 0.9859277369779377
    }
  },
  "primaria_subconjunto_controlado": {
    "n": 69,
    "n_erro": 28,
    "modelo_fusao": {
      "auroc": 0.7378048780487806,
      "ap": 0.6827904268833195
    },
    "modelo_proto": {
      "auroc": 0.7543554006968641,
      "ap": 0.6831465901100647
    },
    "baseline_confound": {
      "auroc": 0.4642857142857143,
      "ap": 0.6673116738334129
    },
    "ci95_fusao_auroc": [
      0.6017634797588287,
      0.8572556099614026
    ]
  },
  "sintetico_livre_de_confound": {
    "n_clean": 41,
    "n_synth": 164,
    "modelo_proto": {
      "auroc": 0.6880577037477692,
      "ap": 0.9023031911581343
    },
    "modelo_fusao": {
      "auroc": 0.713860797144557,
      "ap": 0.9093197379077281
    },
    "nota": "erros injetados nas proprias imagens limpas de teste (mesma resolucao) -> sem confound geometrico"
  },
  "auditoria_same_resolution": {
    "n": 1,
    "itens": [
      {
        "file": "IKSWW-99166_unfold_portrait_screenshot1.png",
        "score_proto": 0.47815805673599243,
        "fused": 0.7659057378768921,
        "independente": true
      }
    ],
    "nota": "Screenshot_* sao quase-duplicatas da sessao no_erros; 'independente'=True e o unico teste real anti-confound"
  },
  "falseabilidade": {
    "auroc_modelo_predizendo_resolucao": 0.8043360433604335,
    "auroc_modelo_predizendo_erro": 0.8043360433604335,
    "interpretacao": "Se os dois AUROC sao parecidos, o modelo rastreia resolucao, nao erro. Diferenca grande favorece deteccao de conteudo.",
    "auroc_label_shuffle_no_estrato": 0.8864498644986449
  },
  "limiar_por_precisao": {
    "precisao_alvo_0.9": {
      "threshold": 0.6695529818534851,
      "val": {
        "val_precision": 0.9069767441860465,
        "val_recall": 0.6964285714285714,
        "target_precision": 0.9
      },
      "test_precision": 0.8295454545454546,
      "test_recall": 0.8111111111111111,
      "test_tp": 73,
      "test_fp": 15,
      "test_fn": 17
    },
    "precisao_alvo_0.95": {
      "threshold": 0.6964823007583618,
      "val": {
        "val_precision": 0.9285714285714286,
        "val_recall": 0.23214285714285715,
        "target_precision": 0.95
      },
      "test_precision": 0.8888888888888888,
      "test_recall": 0.35555555555555557,
      "test_tp": 32,
      "test_fp": 4,
      "test_fn": 58
    },
    "precisao_alvo_0.99": {
      "threshold": 0.6964823007583618,
      "val": {
        "val_precision": 0.9285714285714286,
        "val_recall": 0.23214285714285715,
        "target_precision": 0.99
      },
      "test_precision": 0.8888888888888888,
      "test_recall": 0.35555555555555557,
      "test_tp": 32,
      "test_fp": 4,
      "test_fn": 58
    }
  },
  "precision_at_k": {
    "5": 1.0,
    "10": 1.0,
    "20": 0.9
  },
  "ci95_global_auroc_fusao": [
    0.714151858383071,
    0.8856036742361741
  ],
  "ponto_operacao": {
    "objetivo": "f1",
    "threshold": 0.6644083857536316,
    "n": 131,
    "acuracia": 0.7709923664122137,
    "balanced_accuracy": 0.6607046070460705,
    "precisao": 0.7678571428571429,
    "recall": 0.9555555555555556,
    "f1": 0.8514851485148515,
    "auroc": 0.8043360433604335,
    "ap": 0.8844316389842146,
    "confusao": {
      "TP": 86,
      "TN": 15,
      "FP": 26,
      "FN": 4
    },
    "ci95_acuracia": [
      0.6928982434887947,
      0.84251968503937
    ]
  },
  "ponto_operacao_treino": {
    "objetivo": "f1",
    "threshold": 0.6644083857536316,
    "n": 328,
    "acuracia": 0.8597560975609756,
    "balanced_accuracy": 0.8212684176809737,
    "precisao": 0.8734177215189873,
    "recall": 0.9282511210762332,
    "f1": 0.9,
    "auroc": 0.9431133888532992,
    "ap": 0.973093753605148,
    "confusao": {
      "TP": 207,
      "TN": 75,
      "FP": 30,
      "FN": 16
    },
    "ci95_acuracia": [
      0.8184388326226013,
      0.8947407934250039
    ]
  },
  "estagio2_categoria": {
    "n_erro": 90,
    "classes": [
      "black_bars",
      "disordered_layout",
      "distortion",
      "empty_space",
      "orientation",
      "overlay"
    ],
    "por_prototipo": {
      "accuracy": 0.36666666666666664,
      "f1_macro": 0.22824272696354564,
      "f1_por_classe": {
        "black_bars": 0.5084745762711864,
        "disordered_layout": 0.14285714285714285,
        "distortion": 0.0,
        "empty_space": 0.30303030303030304,
        "orientation": 0.0,
        "overlay": 0.41509433962264153
      },
      "confusion_matrix": [
        [
          15,
          2,
          0,
          4,
          1,
          5
        ],
        [
          4,
          2,
          0,
          3,
          1,
          4
        ],
        [
          1,
          2,
          0,
          0,
          0,
          0
        ],
        [
          3,
          3,
          0,
          5,
          0,
          6
        ],
        [
          1,
          1,
          0,
          0,
          0,
          0
        ],
        [
          8,
          4,
          0,
          4,
          0,
          11
        ]
      ]
    },
    "por_aux_head": {
      "accuracy": 0.36666666666666664,
      "f1_macro": 0.23744625848412662,
      "f1_por_classe": {
        "black_bars": 0.5079365079365079,
        "disordered_layout": 0.18181818181818182,
        "distortion": 0.0,
        "empty_space": 0.3870967741935484,
        "orientation": 0.0,
        "overlay": 0.34782608695652173
      },
      "confusion_matrix": [
        [
          16,
          2,
          0,
          3,
          1,
          5
        ],
        [
          5,
          3,
          0,
          2,
          1,
          3
        ],
        [
          1,
          2,
          0,
          0,
          0,
          0
        ],
        [
          4,
          4,
          0,
          6,
          0,
          3
        ],
        [
          1,
          1,
          0,
          0,
          0,
          0
        ],
        [
          9,
          7,
          0,
          3,
          0,
          8
        ]
      ]
    },
    "nota": "categoria atribuida SO a imagens de ERRO (held-out). 'por_prototipo' = clusterizacao no espaco z (protótipo mais próximo)."
  },
  "estagio2_categoria_treino": {
    "n_erro": 223,
    "classes": [
      "black_bars",
      "disordered_layout",
      "distortion",
      "empty_space",
      "orientation",
      "overlay"
    ],
    "por_prototipo": {
      "accuracy": 0.9192825112107623,
      "f1_macro": 0.934127669439329,
      "f1_por_classe": {
        "black_bars": 0.9852941176470589,
        "disordered_layout": 0.8695652173913043,
        "distortion": 1.0,
        "empty_space": 0.8421052631578947,
        "orientation": 1.0,
        "overlay": 0.9078014184397163
      },