{
  "n_test": 131,
  "multiclass": true,
  "target_precision": 0.95,
  "global_vs_baselines": {
    "modelo_proto": {
      "auroc": 0.6921409214092141,
      "ap": 0.8034916468109368
    },
    "modelo_aux": {
      "auroc": 0.6590785907859078,
      "ap": 0.7607777565214895
    },
    "modelo_fusao": {
      "auroc": 0.6726287262872629,
      "ap": 0.7919791715768241
    },
    "baseline_confound_resaspect_photo": {
      "auroc": 0.7222222222222222,
      "ap": 0.9089446110368286
    },
    "baseline_resolucao_trivial": {
      "auroc": 1.0,
      "ap": 1.0
    },
    "baseline_logreg_dinov2_cru": {
      "auroc": 0.8897018970189702,
      "ap": 0.9436743998591951
    },
    "baseline_oneclass_knn_dinov2": {
      "auroc": 0.7398373983739837,
      "ap": 0.8192234210821747
    },
    "baseline_fracao_padding_cinza": {
      "auroc": 0.9555555555555556,
      "ap": 0.9859277369779377
    }
  },
  "primaria_subconjunto_controlado": {
    "n": 69,
    "n_erro": 28,
    "modelo_fusao": {
      "auroc": 0.6149825783972126,
      "ap": 0.5691775664109262
    },
    "modelo_proto": {
      "auroc": 0.6297909407665505,
      "ap": 0.5749030366763174
    },
    "baseline_confound": {
      "auroc": 0.4642857142857143,
      "ap": 0.6673116738334129
    },
    "ci95_fusao_auroc": [
      0.46724716202270383,
      0.7530907809983897
    ]
  },
  "sintetico_livre_de_confound": {
    "n_clean": 41,
    "n_synth": 164,
    "modelo_proto": {
      "auroc": 0.7714158239143367,
      "ap": 0.9282484639939269
    },
    "modelo_fusao": {
      "auroc": 0.7682926829268292,
      "ap": 0.928174903411549
    },
    "nota": "erros injetados nas proprias imagens limpas de teste (mesma resolucao) -> sem confound geometrico"
  },
  "auditoria_same_resolution": {
    "n": 1,
    "itens": [
      {
        "file": "IKSWW-99166_unfold_portrait_screenshot1.png",
        "score_proto": 0.637033224105835,
        "fused": 0.8070685863494873,
        "independente": true
      }
    ],
    "nota": "Screenshot_* sao quase-duplicatas da sessao no_erros; 'independente'=True e o unico teste real anti-confound"
  },
  "falseabilidade": {
    "auroc_modelo_predizendo_resolucao": 0.6726287262872629,
    "auroc_modelo_predizendo_erro": 0.6726287262872629,
    "interpretacao": "Se os dois AUROC sao parecidos, o modelo rastreia resolucao, nao erro. Diferenca grande favorece deteccao de conteudo.",
    "auroc_label_shuffle_no_estrato": 0.8864498644986449
  },
  "limiar_por_precisao": {
    "precisao_alvo_0.9": {
      "threshold": 0.7900959253311157,
      "val": {
        "val_precision": 0.9166666666666666,
        "val_recall": 0.19642857142857142,
        "target_precision": 0.9
      },
      "test_precision": 0.8695652173913043,
      "test_recall": 0.2222222222222222,
      "test_tp": 20,
      "test_fp": 3,
      "test_fn": 70
    },
    "precisao_alvo_0.95": {
      "threshold": 0.7940784096717834,
      "val": {
        "val_precision": 1.0,
        "val_recall": 0.16071428571428573,
        "target_precision": 0.95
      },
      "test_precision": 0.8333333333333334,
      "test_recall": 0.16666666666666666,
      "test_tp": 15,
      "test_fp": 3,
      "test_fn": 75
    },
    "precisao_alvo_0.99": {
      "threshold": 0.7940784096717834,
      "val": {
        "val_precision": 1.0,
        "val_recall": 0.16071428571428573,
        "target_precision": 0.99
      },
      "test_precision": 0.8333333333333334,
      "test_recall": 0.16666666666666666,
      "test_tp": 15,
      "test_fp": 3,
      "test_fn": 75
    }
  },
  "precision_at_k": {
    "5": 0.8,
    "10": 0.9,
    "20": 0.85
  },
  "ci95_global_auroc_fusao": [
    0.5704830747783061,
    0.7778995848469124
  ],
  "ponto_operacao": {
    "objetivo": "f1",
    "threshold": 0.4265289604663849,
    "n": 131,
    "acuracia": 0.732824427480916,
    "balanced_accuracy": 0.6130081300813008,
    "precisao": 0.7433628318584071,
    "recall": 0.9333333333333333,
    "f1": 0.8275862068965517,
    "auroc": 0.6726287262872629,
    "ap": 0.7919791715768241,
    "confusao": {
      "TP": 84,
      "TN": 12,
      "FP": 29,
      "FN": 6
    },
    "ci95_acuracia": [
      0.6484375,
      0.8062189254210104
    ]
  },
  "ponto_operacao_treino": {
    "objetivo": "f1",
    "threshold": 0.4265289604663849,
    "n": 328,
    "acuracia": 0.9847560975609756,
    "balanced_accuracy": 0.9761904761904762,
    "precisao": 0.9780701754385965,
    "recall": 1.0,
    "f1": 0.9889135254988913,
    "auroc": 1.0,
    "ap": 1.0,
    "confusao": {
      "TP": 223,
      "TN": 100,
      "FP": 5,
      "FN": 0
    },
    "ci95_acuracia": [
      0.9695098642500186,
      0.9969699258445481
    ]
  },
  "estagio2_categoria": {
    "n_erro": 90,
    "classes": [
      "black_bars",
      "disordered_layout",
      "distortion",
      "empty_space",
      "orientation",
      "overlay"
    ],
    "por_prototipo": {
      "accuracy": 0.36666666666666664,
      "f1_macro": 0.22221605554938886,
      "f1_por_classe": {
        "black_bars": 0.5769230769230769,
        "disordered_layout": 0.14814814814814814,
        "distortion": 0.0,
        "empty_space": 0.21428571428571427,
        "orientation": 0.0,
        "overlay": 0.3939393939393939
      },
      "confusion_matrix": [
        [
          15,
          2,
          0,
          1,
          1,
          8
        ],
        [
          1,
          2,
          0,
          3,
          0,
          8
        ],
        [
          1,
          1,
          0,
          0,
          0,
          1
        ],
        [
          3,
          3,
          0,
          3,
          0,
          8
        ],
        [
          1,
          0,
          0,
          0,
          0,
          1
        ],
        [
          4,
          5,
          0,
          4,
          1,
          13
        ]
      ]
    },
    "por_aux_head": {
      "accuracy": 0.34444444444444444,
      "f1_macro": 0.21037851037851038,
      "f1_por_classe": {
        "black_bars": 0.5384615384615384,
        "disordered_layout": 0.14285714285714285,
        "distortion": 0.0,
        "empty_space": 0.2,
        "orientation": 0.0,
        "overlay": 0.38095238095238093
      },
      "confusion_matrix": [
        [
          14,
          2,
          0,
          1,
          1,
          9
        ],
        [
          1,
          2,
          0,
          5,
          0,
          6
        ],
        [
          1,
          1,
          0,
          0,
          0,
          1
        ],
        [
          3,
          3,
          0,
          3,
          0,
          8
        ],
        [
          1,
          1,
          0,
          0,
          0,
          0
        ],
        [
          5,
          5,
          0,
          4,
          1,
          12
        ]
      ]
    },
    "nota": "categoria atribuida SO a imagens de ERRO (held-out). 'por_prototipo' = clusterizacao no espaco z (protótipo mais próximo)."
  },
  "estagio2_categoria_treino": {
    "n_erro": 223,
    "classes": [
      "black_bars",
      "disordered_layout",
      "distortion",
      "empty_space",
      "orientation",
      "overlay"
    ],
    "por_prototipo": {
      "accuracy": 1.0,
      "f1_macro": 1.0,
      "f1_por_classe": {
        "black_bars": 1.0,
        "disordered_layout": 1.0,
        "distortion": 1.0,
        "empty_space": 1.0,
        "orientation": 1.0,
        "overlay": 1.0
      },