{
  "n_treino": 493,
  "n_teste": 194,
  "binaria": {
    "treino": {
      "acc": 0.7667342799188641,
      "precisao": 0.6244131455399061,
      "recall": 0.7916666666666666,
      "f1": 0.6981627296587927,
      "auroc": 0.8734065934065934,
      "bAcc": 0.7727564102564102,
      "TP": 133,
      "TN": 245,
      "FP": 80,
      "FN": 35
    },
    "teste": {
      "acc": 0.6185567010309279,
      "precisao": 0.4631578947368421,
      "recall": 0.6567164179104478,
      "f1": 0.5432098765432098,
      "auroc": 0.6909155012339875,
      "bAcc": 0.6275708073804207,
      "TP": 44,
      "TN": 76,
      "FP": 51,
      "FN": 23
    }
  },
  "categoria_5classes": {
    "treino": {
      "accuracy": 0.7525354969574036,
      "f1_macro": 0.7424047958607795,
      "auroc_macro": 0.9158236582262832,
      "confusion": [
        [
          245,
          0,
          6,
          8,
          66
        ],
        [
          0,
          52,
          0,
          0,
          0
        ],
        [
          0,
          0,
          25,
          0,
          1
        ],
        [
          0,
          0,
          0,
          35,
          1
        ],
        [
          35,
          1,
          4,
          0,
          14
        ]
      ]
    },
    "teste": {
      "accuracy": 0.5051546391752577,
      "f1_macro": 0.3270036957922219,
      "auroc_macro": 0.5955520072515968,
      "confusion": [
        [
          76,
          9,
          6,
          9,
          27
        ],
        [
          5,
          12,
          1,
          3,
          1
        ],
        [
          4,
          1,
          0,
          4,
          1
        ],
        [
          4,
          1,
          3,
          4,
          2
        ],
        [
          10,
          0,
          3,
          2,
          6
        ]
      ]
    }
  },
  "por_classe_teste": {
    "clean": {
      "precisao": 0.7676767676767676,
      "recall": 0.5984251968503937,
      "f1": 0.672566371681416,
      "auroc": 0.7514396521330358,
      "acuracia_ovr": 0.6185567010309279,
      "suporte": 127
    },
    "black_bars": {
      "precisao": 0.5217391304347826,
      "recall": 0.5454545454545454,
      "f1": 0.5333333333333333,
      "auroc": 0.7825052854122623,
      "acuracia_ovr": 0.8917525773195877,
      "suporte": 22
    },
    "disordered_layout": {
      "precisao": 0.0,
      "recall": 0.0,
      "f1": 0.0,
      "auroc": 0.41141304347826085,
      "acuracia_ovr": 0.8814432989690721,
      "suporte": 10
    },
    "empty_space": {
      "precisao": 0.18181818181818182,
      "recall": 0.2857142857142857,
      "f1": 0.2222222222222222,
      "auroc": 0.5325396825396825,
      "acuracia_ovr": 0.8556701030927835,
      "suporte": 14
    },
    "overlay": {
      "precisao": 0.16216216216216217,
      "recall": 0.2857142857142857,
      "f1": 0.20689655172413793,
      "auroc": 0.49986237269474265,
      "acuracia_ovr": 0.7628865979381443,
      "suporte": 21
    }
  },
  "por_classe_treino": {
    "clean": {
      "precisao": 0.875,
      "recall": 0.7538461538461538,
      "f1": 0.8099173553719008,
      "auroc": 0.8478388278388278,
      "acuracia_ovr": 0.7667342799188641,
      "suporte": 325
    },
    "black_bars": {
      "precisao": 0.9811320754716981,
      "recall": 1.0,
      "f1": 0.9904761904761905,
      "auroc": 1.0,
      "acuracia_ovr": 0.9979716024340771,
      "suporte": 52
    },
    "disordered_layout": {
      "precisao": 0.7142857142857143,
      "recall": 0.9615384615384616,
      "f1": 0.819672131147541,
      "auroc": 0.992917147092736,
      "acuracia_ovr": 0.9776876267748479,
      "suporte": 26
    },
    "empty_space": {
      "precisao": 0.813953488372093,
      "recall": 0.9722222222222222,
      "f1": 0.8860759493670886,
      "auroc": 0.9931923170435205,
      "acuracia_ovr": 0.9817444219066938,
      "suporte": 36
    },
    "overlay": {
      "precisao": 0.17073170731707318,
      "recall": 0.25925925925925924,
      "f1": 0.20588235294117646,
      "auroc": 0.7451699991563318,
      "acuracia_ovr": 0.7809330628803245,
      "suporte": 54
    }
  },
  "limiar_gate": 0.33805355429649353,
  "categorias": [
    "clean",
    "black_bars",
    "disordered_layout",
    "empty_space",
    "overlay"
  ]
}