{
  "n_test": 108,
  "n_clean": 41,
  "n_erro": 67,
  "por_categoria": {
    "black_bars": {
      "n_test": 22,
      "deteccao_recall": 0.7272727272727273,
      "auroc_vs_limpo": 0.7283813747228383,
      "auroc_vs_limpo_ci95": [
        0.594734604368063,
        0.880230886581001
      ],
      "p_erro_medio": 0.646599292755127,
      "classif_precisao": 0.7857142857142857,
      "classif_recall": 0.5,
      "classif_f1": 0.6111111111111112
    },
    "disordered_layout": {
      "n_test": 10,
      "deteccao_recall": 0.5,
      "auroc_vs_limpo": 0.6268292682926829,
      "auroc_vs_limpo_ci95": [
        0.45873037712608433,
        0.8205128205128205
      ],
      "p_erro_medio": 0.5790929198265076,
      "classif_precisao": 0.0,
      "classif_recall": 0.0,
      "classif_f1": 0.0
    },
    "empty_space": {
      "n_test": 14,
      "deteccao_recall": 0.5714285714285714,
      "auroc_vs_limpo": 0.5174216027874565,
      "auroc_vs_limpo_ci95": [
        0.33225574712643674,
        0.7170303030303029
      ],
      "p_erro_medio": 0.46616724133491516,
      "classif_precisao": 0.23076923076923078,
      "classif_recall": 0.21428571428571427,
      "classif_f1": 0.2222222222222222
    },
    "overlay": {
      "n_test": 21,
      "deteccao_recall": 0.47619047619047616,
      "auroc_vs_limpo": 0.5307781649245064,
      "auroc_vs_limpo_ci95": [
        0.3684329710144928,
        0.689147120518688
      ],
      "p_erro_medio": 0.4997064471244812,
      "classif_precisao": 0.43333333333333335,
      "classif_recall": 0.6190476190476191,
      "classif_f1": 0.5098039215686274
    }
  },
  "ranking": {
    "melhor_detectado": "black_bars",
    "pior_detectado": "empty_space",
    "melhor_classificado": "black_bars",
    "nota": "ranking entre classes com suporte >= 5"
  },
  "ponto_operacao": {
    "acuracia": 0.5833333333333334,
    "precisao": 0.6964285714285714,
    "recall": 0.582089552238806,
    "f1": 0.6341463414634146,
    "balanced_accuracy": 0.5837277029486713,
    "mcc": 0.16264204137889257,
    "especificidade": 0.5853658536585366,
    "fpr": 0.4146341463414634,
    "auroc": 0.5962868583909721,
    "ap": 0.7080497747910162,
    "brier": 0.26457470655441284,
    "ece": 0.15264436768160927,
    "threshold": 0.5491011142730713
  },
  "confusao": {
    "TP": 39,
    "TN": 24,
    "FP": 17,
    "FN": 28
  },
  "ci95_acuracia": [
    0.48772004241781547,
    0.670165954236862
  ],
  "ci95_f1": [
    0.4881889763779528,
    0.762863442193744
  ],
  "ci95_precisao": [
    0.459634974533107,
    0.9487179487179487
  ],
  "ci95_especificidade": [
    0.25,
    0.7375168690958166
  ],
  "auroc_gate_prototipo": 0.6072078631234074,
  "auroc_gate_fusao": 0.5962868583909721,
  "sintetico_livre_confound": {
    "auroc": 0.720701963117192,
    "ap": 0.9032090155229668
  },
  "controlado": {
    "modelo_prototipo": 0.6019163763066202,
    "baseline_confound": 0.32142857142857145,
    "ci95": [
      0.44219943019943014,
      0.7403502935420743
    ]
  },
  "falseabilidade": {
    "prediz_erro": 0.5962868583909721,
    "prediz_resolucao": 0.5962868583909721
  },
  "baseline_resolucao_trivial_auroc": 1.0,
  "estagio2": {
    "grossa_f1_macro": 0.6255309635591326,
    "grossa_ci95": [
      0.5070234113712375,
      0.7404875825928458
    ],
    "grossa_condicional_gate": 0.6432090077410275,
    "fina_f1_macro": 0.3357843137254902
  },
  "calibracao_comparacao": {
    "real_val": {
      "especificidade": 0.5853658536585366,
      "recall": 0.5373134328358209,
      "balanced_accuracy": 0.5613396432471787,
      "fpr": 0.4146341463414634
    },
    "confound_free": {
      "especificidade": 0.5853658536585366,
      "recall": 0.582089552238806,
      "balanced_accuracy": 0.5837277029486713,
      "fpr": 0.4146341463414634
    }
  }
}