{
  "_modo": "OOF (Grouped Nested CV — estimativa interna de generalizacao; teste NAO tocado)",
  "n_real": 411,
  "n_synth": 420,
  "folds": 5,
  "seeds": 3,
  "objetivo_limiar": "f1",
  "limiar_oof": {
    "mean": 0.7720376441810202,
    "se": 0.016082927799275955
  },
  "oof_metrics_mean_se": {
    "auroc": {
      "mean": 0.6997728098873136,
      "se": 0.03235530651924504,
      "min": 0.6384405670665212,
      "max": 0.7483097055616139
    },
    "ap": {
      "mean": 0.8029094364006507,
      "se": 0.023956608590356056,
      "min": 0.7588819910407871,
      "max": 0.8412921946895527
    },
    "f1": {
      "mean": 0.8432259263896263,
      "se": 0.005353329290563737,
      "min": 0.8330827067669173,
      "max": 0.8512658227848101
    },
    "balanced_accuracy": {
      "mean": 0.6228735005452563,
      "se": 0.023421728083459607,
      "min": 0.5824291166848419,
      "max": 0.6635632497273719
    },
    "mcc": {
      "mean": 0.3816201112877133,
      "se": 0.03500087413229745,
      "min": 0.3155791240483322,
      "max": 0.4347434547902119
    },
    "precisao": {
      "mean": 0.7412104818773719,
      "se": 0.012926176138323647,
      "min": 0.7194805194805195,
      "max": 0.7642045454545454
    },
    "recall": {
      "mean": 0.9785714285714286,
      "se": 0.008987898137227088,
      "min": 0.9607142857142857,
      "max": 0.9892857142857143
    },
    "especificidade": {
      "mean": 0.2671755725190839,
      "se": 0.055222733878398746,
      "min": 0.17557251908396945,
      "max": 0.366412213740458
    },
    "fpr": {
      "mean": 0.732824427480916,
      "se": 0.05522273387839877,
      "min": 0.6335877862595419,
      "max": 0.8244274809160306
    },
    "brier": {
      "mean": 0.22187309394417679,
      "se": 0.007451317471325287,
      "min": 0.20819722381071898,
      "max": 0.2338388285628607
    },
    "ece": {
      "mean": 0.15169368857111476,
      "se": 0.0015237171270320819,
      "min": 0.14957642881539618,
      "max": 0.15465048861909672
    }
  },
  "ci95_auroc_oof_agrupado": [
    0.43850356490499537,
    0.8191853696295627
  ],
  "por_seed": [
    {
      "auroc": 0.6384405670665212,
      "ap": 0.7588819910407871,
      "acuracia": 0.754257907542579,
      "balanced_accuracy": 0.6226281352235551,
      "f1": 0.8453292496171516,
      "mcc": 0.3945377550245956,
      "precisao": 0.739946380697051,
      "recall": 0.9857142857142858,
      "especificidade": 0.2595419847328244,
      "fpr": 0.7404580152671756,
      "brier": 0.2338388285628607,
      "ece": 0.15465048861909672,
      "confusao": {
        "TP": 276,
        "TN": 34,
        "FP": 97,
        "FN": 4
      },
      "threshold": 0.8042019595636597
    },
    {
      "auroc": 0.7483097055616139,
      "ap": 0.8412921946895527,
      "acuracia": 0.7712895377128953,
      "balanced_accuracy": 0.6635632497273719,
      "f1": 0.8512658227848101,
      "mcc": 0.4347434547902119,
      "precisao": 0.7642045454545454,
      "recall": 0.9607142857142857,
      "especificidade": 0.366412213740458,
      "fpr": 0.6335877862595419,
      "brier": 0.20819722381071898,
      "ece": 0.14957642881539618,
      "confusao": {
        "TP": 269,
        "TN": 48,
        "FP": 83,
        "FN": 11
      },
      "threshold": 0.7556828846468201
    },
    {
      "auroc": 0.7125681570338059,
      "ap": 0.808554123471612,
      "acuracia": 0.7299270072992701,
      "balanced_accuracy": 0.5824291166848419,
      "f1": 0.8330827067669173,
      "mcc": 0.3155791240483322,
      "precisao": 0.7194805194805195,
      "recall": 0.9892857142857143,
      "especificidade": 0.17557251908396945,
      "fpr": 0.8244274809160306,
      "brier": 0.22358322945895065,
      "ece": 0.15085414827885132,
      "confusao": {
        "TP": 277,
        "TN": 23,
        "FP": 108,
        "FN": 3
      },
      "threshold": 0.7562280883325806
    }
  ],
  "nota": "Limiar calibrado em predicoes OUT-OF-FOLD (nao in-sample) -> robusto. Compare com o ponto de operacao calibrado na val (instavel). RESSUBSTITUICAO e TESTE EXTERNO sao reportados a parte (train in-sample / --final-test)."
}