{
  "n_test": 184,
  "multiclass": true,
  "target_precision": 0.95,
  "calibrate_on": "confound_free",
  "calibrate_on_requested": "confound_free",
  "n_calibracao": 216,
  "_modo": "FINAL (teste held-out; calibrado na val)",
  "_holdout": "test",
  "global_vs_baselines": {
    "modelo_proto": {
      "auroc": 0.7731770833333333,
      "ap": 0.9624369390574842
    },
    "modelo_aux": {
      "auroc": 0.8221354166666667,
      "ap": 0.9717985964085231
    },
    "modelo_fusao": {
      "auroc": 0.7736979166666667,
      "ap": 0.9626053952728957
    },
    "baseline_resolucao_trivial": {
      "auroc": 0.496875,
      "ap": 0.8688569137562366
    },
    "baseline_oneclass_knn_dinov2": {
      "auroc": 0.7677083333333333,
      "ap": 0.9642770633555875
    },
    "baseline_fracao_padding_cinza": {
      "auroc": 0.17747395833333335,
      "ap": 0.7747773227454003
    }
  },
  "primaria_subconjunto_controlado": {
    "n": 98,
    "n_erro": 74,
    "modelo_fusao": {
      "auroc": 0.6998873873873874,
      "ap": 0.9022868493797769
    },
    "modelo_proto": {
      "auroc": 0.7004504504504505,
      "ap": 0.9022324463423421
    },
    "ci95_fusao_auroc": [
      0.5899939024390244,
      0.8124782608695651
    ]
  },
  "sintetico_livre_de_confound": {
    "n_clean": 24,
    "n_synth": 96,
    "modelo_proto": {
      "auroc": 0.6710069444444445,
      "ap": 0.9034526165327537
    },
    "modelo_fusao": {
      "auroc": 0.6701388888888888,
      "ap": 0.9037650916934927
    },
    "nota": "erros injetados nas limpas de test (mesma resolucao) -> sem confound geometrico"
  },
  "auditoria_same_resolution": {
    "n": 4,
    "itens": [
      {
        "file": "IKSWW-118636_unfold_portrait_screenshot1.png",
        "score_proto": 0.01736164093017578,
        "fused": 0.4258509576320648,
        "independente": true
      },
      {
        "file": "IKSWW-130772_unfold_portrait_screenshot1.png",
        "score_proto": 0.030586183071136475,
        "fused": 0.4319523572921753,
        "independente": true
      },
      {
        "file": "IKSWW-99166_unfold_portrait_screenshot1.png",
        "score_proto": 0.29483461380004883,
        "fused": 0.5549023151397705,
        "independente": true
      },
      {
        "file": "IKSWW-93439_unfold_portrait_screenshot1.png",
        "score_proto": 0.04281109571456909,
        "fused": 0.43755656480789185,
        "independente": true
      }
    ],
    "nota": "Screenshot_* sao quase-duplicatas da sessao no_erros; 'independente'=True e o unico teste real anti-confound"
  },
  "falseabilidade": {
    "auroc_modelo_predizendo_resolucao": 0.2896174863387978,
    "auroc_modelo_predizendo_erro": 0.7736979166666667,
    "interpretacao": "Se os dois AUROC sao parecidos, o modelo rastreia resolucao, nao erro. Diferenca grande favorece deteccao de conteudo."
  },
  "limiar_por_precisao": {
    "precisao_alvo_0.9": {
      "threshold": 0.5425795316696167,
      "val": {
        "val_precision": 0.9090909090909091,
        "val_recall": 0.10416666666666667,
        "target_precision": 0.9
      },
      "test_precision": 1.0,
      "test_recall": 0.09375,
      "test_precision_ci95": [
        1.0,
        1.0
      ],
      "test_tp": 15,
      "test_fp": 0,
      "test_fn": 145
    },
    "precisao_alvo_0.95": {
      "threshold": 0.5741577744483948,
      "val": {
        "val_precision": 1.0,
        "val_recall": 0.08333333333333333,
        "target_precision": 0.95
      },
      "test_precision": 1.0,
      "test_recall": 0.0625,
      "test_precision_ci95": [
        1.0,
        1.0
      ],
      "test_tp": 10,
      "test_fp": 0,
      "test_fn": 150
    },
    "precisao_alvo_0.99": {
      "threshold": 0.5741577744483948,
      "val": {
        "val_precision": 1.0,
        "val_recall": 0.08333333333333333,
        "target_precision": 0.99
      },
      "test_precision": 1.0,
      "test_recall": 0.0625,
      "test_precision_ci95": [
        1.0,
        1.0
      ],
      "test_tp": 10,
      "test_fp": 0,
      "test_fn": 150
    }
  },
  "precision_at_k": {
    "5": 1.0,
    "10": 1.0,
    "20": 1.0
  },
  "ci95_global_auroc_fusao": [
    0.6950098995557272,
    0.85511684694866
  ],
  "ponto_operacao": {
    "objetivo": "specificity",
    "threshold": 0.44426530599594116,
    "n": 184,
    "acuracia": 0.391304347826087,
    "balanced_accuracy": 0.65,
    "precisao": 1.0,
    "recall": 0.3,
    "f1": 0.46153846153846156,
    "mcc": 0.23008949665421113,
    "especificidade": 1.0,
    "fpr": 0.0,
    "auroc": 0.7736979166666667,
    "ap": 0.9626053952728957,
    "brier": 0.2860788404941559,
    "ece": 0.4207618298090023,
    "confusao": {
      "TP": 48,
      "TN": 24,
      "FP": 0,
      "FN": 112
    },
    "ci95_acuracia": [
      0.2880546046164797,
      0.4929093518456712
    ],
    "ci95_f1": [
      0.36082474226804123,
      0.5463087172538392
    ],
    "ci95_precisao": [
      1.0,
      1.0
    ],
    "ci95_especificidade": [
      1.0,
      1.0
    ],
    "calibracao": {
      "val_recall": 0.3541666666666667,
      "val_specificity": 0.8,
      "target_specificity": 0.8
    }
  },
  "ponto_operacao_treino": {
    "objetivo": "specificity",
    "threshold": 0.44426530599594116,
    "n": 10,
    "acuracia": 1.0,
    "balanced_accuracy": 1.0,
    "precisao": 0.0,
    "recall": 0.0,
    "f1": 0.0,
    "mcc": NaN,
    "especificidade": 1.0,
    "fpr": 0.0,
    "auroc": NaN,
    "ap": NaN,
    "brier": NaN,
    "ece": NaN,
    "confusao": {
      "TP": 0,
      "TN": 10,
      "FP": 0,
      "FN": 0
    },
    "ci95_acuracia": [
      NaN,
      NaN
    ],
    "ci95_f1": [
      NaN,
      NaN
    ],
    "ci95_precisao": [
      NaN,
      NaN
    ],
    "ci95_especificidade": [
      NaN,
      NaN
    ]
  },
  "calibracao_comparacao": {
    "real_val": {
      "n_calibracao": 132,
      "threshold": 0.8135688304901123,
      "acuracia": 0.391304347826087,
      "balanced_accuracy": 0.65,
      "f1": 0.46153846153846156,
      "recall": 0.3,
      "especificidade": 1.0,
      "fpr": 0.0,
      "mcc": 0.23008949665421113,
      "ci95_especificidade": [
        1.0,
        1.0
      ],
      "confusao": {
        "TP": 48,
        "TN": 24,
        "FP": 0,
        "FN": 112
      }
    },
    "confound_free": {
      "n_calibracao": 216,
      "threshold": 0.44426530599594116,
      "acuracia": 0.391304347826087,
      "balanced_accuracy": 0.65,
      "f1": 0.46153846153846156,
      "recall": 0.3,
      "especificidade": 1.0,
      "fpr": 0.0,
      "mcc": 0.23008949665421113,
      "ci95_especificidade": [
        1.0,
        1.0
      ],
      "confusao": {
        "TP": 48,
        "TN": 24,
        "FP": 0,
        "FN": 112
      }
    },
    "_nota": "Mesmo modelo/AUROC; muda so o conjunto que fixa fusao+limiar. 'confound_free' usa limpas-val + val_synth (+val_reflow) -> limiar estavel (especificidade alta sem perder recall). Limiar do headline = 'confound_free'."
  },
  "reflow_falso_positivo": {
    "n_clean": 24,
    "n_reflow": 96,
    "auroc_clean_vs_reflow": 0.5980902777777778,
    "nota_auroc": "~0.5 = o modelo NAO distingue reflow de limpa real (desejado: reflow nao e' erro)",
    "fp_rate_reflow_no_limiar": 0.010416666666666666,
    "fp_reflow": 1,
    "limiar": 0.44426530599594116,
    "p_erro_medio_reflow": 0.42469465732574463,
    "p_erro_medio_clean_real": 0.4228593111038208
  },
  "deteccao_por_categoria": {
    "n_limpo": 24,
    "por_classe": {
      "black_bars": {
        "n": 50,
        "deteccao_recall_no_limiar": 0.54,
        "p_erro_medio": 0.4800768196582794,
        "auroc_vs_limpo_proto": 0.8691666666666666,
        "auroc_vs_limpo_fusao": 0.8674999999999999,
        "ci95_auroc_proto": [
          0.7809507978723405,
          0.9389591836734693
        ]
      },
      "disordered_layout": {
        "n": 22,
        "deteccao_recall_no_limiar": 0.3181818181818182,
        "p_erro_medio": 0.4550016522407532,
        "auroc_vs_limpo_proto": 0.7556818181818181,