{
  "n_test": 184,
  "n_clean": 24,
  "n_erro": 160,
  "por_categoria": {
    "black_bars": {
      "n_test": 50,
      "deteccao_recall": 0.54,
      "auroc_vs_limpo": 0.8691666666666666,
      "auroc_vs_limpo_ci95": [
        0.7809507978723405,
        0.9389591836734693
      ],
      "p_erro_medio": 0.4800768196582794,
      "classif_precisao": 0.5471698113207547,
      "classif_recall": 0.58,
      "classif_f1": 0.5631067961165048
    },
    "disordered_layout": {
      "n_test": 22,
      "deteccao_recall": 0.3181818181818182,
      "auroc_vs_limpo": 0.7556818181818181,
      "auroc_vs_limpo_ci95": [
        0.5930827886710239,
        0.8925000000000001
      ],
      "p_erro_medio": 0.4550016522407532,
      "classif_precisao": 0.22727272727272727,
      "classif_recall": 0.22727272727272727,
      "classif_f1": 0.22727272727272727
    },
    "empty_space": {
      "n_test": 36,
      "deteccao_recall": 0.25,
      "auroc_vs_limpo": 0.6956018518518519,
      "auroc_vs_limpo_ci95": [
        0.5314096352613794,
        0.85
      ],
      "p_erro_medio": 0.44192245602607727,
      "classif_precisao": 0.24324324324324326,
      "classif_recall": 0.5,
      "classif_f1": 0.32727272727272727
    },
    "overlay": {
      "n_test": 52,
      "deteccao_recall": 0.09615384615384616,
      "auroc_vs_limpo": 0.7419871794871795,
      "auroc_vs_limpo_ci95": [
        0.6137298669467787,
        0.8640899122807016
      ],
      "p_erro_medio": 0.4328482747077942,
      "classif_precisao": 0.2727272727272727,
      "classif_recall": 0.057692307692307696,
      "classif_f1": 0.09523809523809523
    }
  },
  "ranking": {
    "melhor_detectado": "black_bars",
    "pior_detectado": "empty_space",
    "melhor_classificado": "black_bars",
    "nota": "ranking entre classes com suporte >= 5"
  },
  "ponto_operacao": {
    "acuracia": 0.391304347826087,
    "precisao": 1.0,
    "recall": 0.3,
    "f1": 0.46153846153846156,
    "balanced_accuracy": 0.65,
    "mcc": 0.23008949665421113,
    "especificidade": 1.0,
    "fpr": 0.0,
    "auroc": 0.7736979166666667,
    "ap": 0.9626053952728957,
    "brier": 0.2860788404941559,
    "ece": 0.4207618298090023,
    "threshold": 0.44426530599594116
  },
  "confusao": {
    "TP": 48,
    "TN": 24,
    "FP": 0,
    "FN": 112
  },
  "ci95_acuracia": [
    0.2880546046164797,
    0.4929093518456712
  ],
  "ci95_f1": [
    0.36082474226804123,
    0.5463087172538392
  ],
  "ci95_precisao": [
    1.0,
    1.0
  ],
  "ci95_especificidade": [
    1.0,
    1.0
  ],
  "auroc_gate_prototipo": 0.7731770833333333,
  "auroc_gate_fusao": 0.7736979166666667,
  "sintetico_livre_confound": {
    "auroc": 0.6710069444444445,
    "ap": 0.9034526165327537
  },
  "controlado": {
    "modelo_prototipo": 0.7004504504504505,
    "baseline_confound": null,
    "ci95": [
      0.5899939024390244,
      0.8124782608695651
    ]
  },
  "falseabilidade": {
    "prediz_erro": 0.7736979166666667,
    "prediz_resolucao": 0.2896174863387978
  },
  "baseline_resolucao_trivial_auroc": 0.496875,
  "estagio2": {
    "grossa_f1_macro": 0.48751700232547934,
    "grossa_ci95": [
      0.3992842478536767,
      0.5751882925827407
    ],
    "grossa_condicional_gate": 0.42857142857142855,
    "fina_f1_macro": 0.30322258647501366
  },
  "calibracao_comparacao": {
    "real_val": {
      "especificidade": 1.0,
      "recall": 0.3,
      "balanced_accuracy": 0.65,
      "fpr": 0.0
    },
    "confound_free": {
      "especificidade": 1.0,
      "recall": 0.3,
      "balanced_accuracy": 0.65,
      "fpr": 0.0
    }
  }
}