{
  "n_test": 131,
  "multiclass": true,
  "target_precision": 0.95,
  "global_vs_baselines": {
    "modelo_proto": {
      "auroc": 0.7623306233062331,
      "ap": 0.8693696696896653
    },
    "modelo_aux": {
      "auroc": 0.7650406504065042,
      "ap": 0.867275446032152
    },
    "modelo_fusao": {
      "auroc": 0.7685636856368564,
      "ap": 0.8709955862489294
    },
    "baseline_confound_resaspect_photo": {
      "auroc": 0.7222222222222222,
      "ap": 0.9089446110368286
    },
    "baseline_resolucao_trivial": {
      "auroc": 1.0,
      "ap": 1.0
    },
    "baseline_logreg_dinov2_cru": {
      "auroc": 0.8897018970189702,
      "ap": 0.9436743998591951
    },
    "baseline_oneclass_knn_dinov2": {
      "auroc": 0.7398373983739837,
      "ap": 0.8192234210821747
    },
    "baseline_fracao_padding_cinza": {
      "auroc": 0.9555555555555556,
      "ap": 0.9859277369779377
    }
  },
  "primaria_subconjunto_controlado": {
    "n": 69,
    "n_erro": 28,
    "modelo_fusao": {
      "auroc": 0.6454703832752614,
      "ap": 0.6140125183937748
    },
    "modelo_proto": {
      "auroc": 0.632404181184669,
      "ap": 0.6067915082500214
    },
    "baseline_confound": {
      "auroc": 0.4642857142857143,
      "ap": 0.6673116738334129
    },
    "ci95_fusao_auroc": [
      0.49285580786842353,
      0.7800978535353535
    ]
  },
  "sintetico_livre_de_confound": {
    "n_clean": 41,
    "n_synth": 164,
    "modelo_proto": {
      "auroc": 0.7771415823914337,
      "ap": 0.9315984438773959
    },
    "modelo_fusao": {
      "auroc": 0.7864366448542535,
      "ap": 0.9336268111709998
    },
    "nota": "erros injetados nas proprias imagens limpas de teste (mesma resolucao) -> sem confound geometrico"
  },
  "auditoria_same_resolution": {
    "n": 1,
    "itens": [
      {
        "file": "IKSWW-99166_unfold_portrait_screenshot1.png",
        "score_proto": 0.39691293239593506,
        "fused": 0.8082443475723267,
        "independente": true
      }
    ],
    "nota": "Screenshot_* sao quase-duplicatas da sessao no_erros; 'independente'=True e o unico teste real anti-confound"
  },
  "falseabilidade": {
    "auroc_modelo_predizendo_resolucao": 0.7685636856368564,
    "auroc_modelo_predizendo_erro": 0.7685636856368564,
    "interpretacao": "Se os dois AUROC sao parecidos, o modelo rastreia resolucao, nao erro. Diferenca grande favorece deteccao de conteudo.",
    "auroc_label_shuffle_no_estrato": 0.8864498644986449
  },
  "limiar_por_precisao": {
    "precisao_alvo_0.9": {
      "threshold": 0.7978118658065796,
      "val": {
        "val_precision": 0.9,
        "val_recall": 0.16071428571428573,
        "target_precision": 0.9
      },
      "test_precision": 0.9583333333333334,
      "test_recall": 0.25555555555555554,
      "test_tp": 23,
      "test_fp": 1,
      "test_fn": 67
    },
    "precisao_alvo_0.95": {
      "threshold": 0.8016948103904724,
      "val": {
        "val_precision": 1.0,
        "val_recall": 0.10714285714285714,
        "target_precision": 0.95
      },
      "test_precision": 0.9375,
      "test_recall": 0.16666666666666666,
      "test_tp": 15,
      "test_fp": 1,
      "test_fn": 75
    },
    "precisao_alvo_0.99": {
      "threshold": 0.8016948103904724,
      "val": {
        "val_precision": 1.0,
        "val_recall": 0.10714285714285714,
        "target_precision": 0.99
      },
      "test_precision": 0.9375,
      "test_recall": 0.16666666666666666,
      "test_tp": 15,
      "test_fp": 1,
      "test_fn": 75
    }
  },
  "precision_at_k": {
    "5": 1.0,
    "10": 0.9,
    "20": 0.95
  },
  "ci95_global_auroc_fusao": [
    0.6758715986394559,
    0.8512950000285987
  ],
  "ponto_operacao": {
    "objetivo": "f1",
    "threshold": 0.5681322813034058,
    "n": 131,
    "acuracia": 0.7480916030534351,
    "balanced_accuracy": 0.6573170731707317,
    "precisao": 0.7714285714285715,
    "recall": 0.9,
    "f1": 0.8307692307692308,
    "auroc": 0.7685636856368564,
    "ap": 0.8709955862489294,
    "confusao": {
      "TP": 81,
      "TN": 17,
      "FP": 24,
      "FN": 9
    },
    "ci95_acuracia": [
      0.6691729323308271,
      0.8195679628759398
    ]
  },
  "ponto_operacao_treino": {
    "objetivo": "f1",
    "threshold": 0.5681322813034058,
    "n": 328,
    "acuracia": 0.9817073170731707,
    "balanced_accuracy": 0.9815075806107196,
    "precisao": 0.9909502262443439,
    "recall": 0.9820627802690582,
    "f1": 0.9864864864864865,
    "auroc": 0.9978219090326713,
    "ap": 0.9990681928705916,
    "confusao": {
      "TP": 219,
      "TN": 103,
      "FP": 2,
      "FN": 4
    },
    "ci95_acuracia": [
      0.962727096273292,
      0.996835692608713
    ]
  },
  "estagio2_categoria": {
    "n_erro": 90,
    "classes": [
      "black_bars",
      "disordered_layout",
      "distortion",
      "empty_space",
      "orientation",
      "overlay"
    ],
    "por_prototipo": {
      "accuracy": 0.34444444444444444,
      "f1_macro": 0.21184284906726966,
      "f1_por_classe": {
        "black_bars": 0.5,
        "disordered_layout": 0.13793103448275862,
        "distortion": 0.0,
        "empty_space": 0.20689655172413793,
        "orientation": 0.0,
        "overlay": 0.4262295081967213
      },
      "confusion_matrix": [
        [
          13,
          1,
          1,
          3,
          1,
          8
        ],
        [
          1,
          2,
          0,
          2,
          2,
          7
        ],
        [
          1,
          1,
          0,
          0,
          0,
          1
        ],
        [
          3,
          6,
          0,
          3,
          0,
          5
        ],
        [
          1,
          1,
          0,
          0,
          0,
          0
        ],
        [
          6,
          4,
          0,
          4,
          0,
          13
        ]
      ]
    },
    "por_aux_head": {
      "accuracy": 0.35555555555555557,
      "f1_macro": 0.2165815240527884,
      "f1_por_classe": {
        "black_bars": 0.5,
        "disordered_layout": 0.14814814814814814,
        "distortion": 0.0,
        "empty_space": 0.20689655172413793,
        "orientation": 0.0,
        "overlay": 0.4444444444444444
      },
      "confusion_matrix": [
        [
          13,
          1,
          1,
          3,
          1,
          8
        ],
        [
          1,
          2,
          0,
          2,
          2,
          7
        ],
        [
          1,
          1,
          0,
          0,
          0,
          1
        ],
        [
          3,
          5,
          0,
          3,
          0,
          6
        ],
        [
          1,
          1,
          0,
          0,
          0,
          0
        ],
        [
          6,
          3,
          0,
          4,
          0,
          14
        ]
      ]
    },
    "nota": "categoria atribuida SO a imagens de ERRO (held-out). 'por_prototipo' = clusterizacao no espaco z (protótipo mais próximo)."
  },
  "estagio2_categoria_treino": {
    "n_erro": 223,
    "classes": [
      "black_bars",
      "disordered_layout",
      "distortion",
      "empty_space",
      "orientation",
      "overlay"
    ],
    "por_prototipo": {
      "accuracy": 1.0,
      "f1_macro": 1.0,
      "f1_por_classe": {
        "black_bars": 1.0,
        "disordered_layout": 1.0,
        "distortion": 1.0,
        "empty_space": 1.0,
        "orientation": 1.0,
        "overlay": 1.0
      },