{
  "n_test": 131,
  "multiclass": true,
  "target_precision": 0.95,
  "global_vs_baselines": {
    "modelo_proto": {
      "auroc": 0.7813008130081301,
      "ap": 0.8740804647117834
    },
    "modelo_aux": {
      "auroc": 0.7669376693766938,
      "ap": 0.8669401448603297
    },
    "modelo_fusao": {
      "auroc": 0.7886178861788617,
      "ap": 0.8765320162266712
    },
    "baseline_confound_resaspect_photo": {
      "auroc": 0.7222222222222222,
      "ap": 0.9089446110368286
    },
    "baseline_resolucao_trivial": {
      "auroc": 1.0,
      "ap": 1.0
    },
    "baseline_logreg_dinov2_cru": {
      "auroc": 0.8897018970189702,
      "ap": 0.9436743998591951
    },
    "baseline_oneclass_knn_dinov2": {
      "auroc": 0.7398373983739837,
      "ap": 0.8192234210821747
    },
    "baseline_fracao_padding_cinza": {
      "auroc": 0.9555555555555556,
      "ap": 0.9859277369779377
    }
  },
  "primaria_subconjunto_controlado": {
    "n": 69,
    "n_erro": 28,
    "modelo_fusao": {
      "auroc": 0.7003484320557491,
      "ap": 0.6380645868950401
    },
    "modelo_proto": {
      "auroc": 0.7003484320557491,
      "ap": 0.6373705736812042
    },
    "baseline_confound": {
      "auroc": 0.4642857142857143,
      "ap": 0.6673116738334129
    },
    "ci95_fusao_auroc": [
      0.5693040780141845,
      0.8245223815536316
    ]
  },
  "sintetico_livre_de_confound": {
    "n_clean": 41,
    "n_synth": 164,
    "modelo_proto": {
      "auroc": 0.693486020226056,
      "ap": 0.9067434279374369
    },
    "modelo_fusao": {
      "auroc": 0.7120761451516954,
      "ap": 0.9111568898351112
    },
    "nota": "erros injetados nas proprias imagens limpas de teste (mesma resolucao) -> sem confound geometrico"
  },
  "auditoria_same_resolution": {
    "n": 1,
    "itens": [
      {
        "file": "IKSWW-99166_unfold_portrait_screenshot1.png",
        "score_proto": 0.5399113297462463,
        "fused": 0.7838674783706665,
        "independente": true
      }
    ],
    "nota": "Screenshot_* sao quase-duplicatas da sessao no_erros; 'independente'=True e o unico teste real anti-confound"
  },
  "falseabilidade": {
    "auroc_modelo_predizendo_resolucao": 0.7886178861788617,
    "auroc_modelo_predizendo_erro": 0.7886178861788617,
    "interpretacao": "Se os dois AUROC sao parecidos, o modelo rastreia resolucao, nao erro. Diferenca grande favorece deteccao de conteudo.",
    "auroc_label_shuffle_no_estrato": 0.8864498644986449
  },
  "limiar_por_precisao": {
    "precisao_alvo_0.9": {
      "threshold": 0.675093412399292,
      "val": {
        "val_precision": 0.9142857142857143,
        "val_recall": 0.5714285714285714,
        "target_precision": 0.9
      },
      "test_precision": 0.8441558441558441,
      "test_recall": 0.7222222222222222,
      "test_tp": 65,
      "test_fp": 12,
      "test_fn": 25
    },
    "precisao_alvo_0.95": {
      "threshold": 0.7544111013412476,
      "val": {
        "val_precision": 1.0,
        "val_recall": 0.10714285714285714,
        "target_precision": 0.95
      },
      "test_precision": 0.9285714285714286,
      "test_recall": 0.14444444444444443,
      "test_tp": 13,
      "test_fp": 1,
      "test_fn": 77
    },
    "precisao_alvo_0.99": {
      "threshold": 0.7544111013412476,
      "val": {
        "val_precision": 1.0,
        "val_recall": 0.10714285714285714,
        "target_precision": 0.99
      },
      "test_precision": 0.9285714285714286,
      "test_recall": 0.14444444444444443,
      "test_tp": 13,
      "test_fp": 1,
      "test_fn": 77
    }
  },
  "precision_at_k": {
    "5": 1.0,
    "10": 1.0,
    "20": 0.85
  },
  "ci95_global_auroc_fusao": [
    0.6979001225490196,
    0.8752525717409738
  ],
  "ponto_operacao": {
    "objetivo": "f1",
    "threshold": 0.6650731563568115,
    "n": 131,
    "acuracia": 0.7709923664122137,
    "balanced_accuracy": 0.6540650406504065,
    "precisao": 0.7631578947368421,
    "recall": 0.9666666666666667,
    "f1": 0.8529411764705882,
    "auroc": 0.7886178861788617,
    "ap": 0.8765320162266712,
    "confusao": {
      "TP": 87,
      "TN": 14,
      "FP": 27,
      "FN": 3
    },
    "ci95_acuracia": [
      0.6976744186046512,
      0.8421052631578947
    ]
  },
  "ponto_operacao_treino": {
    "objetivo": "f1",
    "threshold": 0.6650731563568115,
    "n": 328,
    "acuracia": 0.8384146341463414,
    "balanced_accuracy": 0.8005338458253256,
    "precisao": 0.8632478632478633,
    "recall": 0.905829596412556,
    "f1": 0.8840262582056893,
    "auroc": 0.9326927183429424,
    "ap": 0.9696846498839921,
    "confusao": {
      "TP": 202,
      "TN": 73,
      "FP": 32,
      "FN": 21
    },
    "ci95_acuracia": [
      0.7932072158365262,
      0.8776833497160332
    ]
  },
  "estagio2_categoria": {
    "n_erro": 90,
    "classes": [
      "black_bars",
      "disordered_layout",
      "distortion",
      "empty_space",
      "orientation",
      "overlay"
    ],
    "por_prototipo": {
      "accuracy": 0.35555555555555557,
      "f1_macro": 0.21187050188718706,
      "f1_por_classe": {
        "black_bars": 0.4166666666666667,
        "disordered_layout": 0.13793103448275862,
        "distortion": 0.0,
        "empty_space": 0.1935483870967742,
        "orientation": 0.0,
        "overlay": 0.5230769230769231
      },
      "confusion_matrix": [
        [
          10,
          2,
          0,
          6,
          1,
          8
        ],
        [
          4,
          2,
          0,
          2,
          1,
          5
        ],
        [
          1,
          2,
          0,
          0,
          0,
          0
        ],
        [
          2,
          4,
          0,
          3,
          0,
          8
        ],
        [
          1,
          1,
          0,
          0,
          0,
          0
        ],
        [
          3,
          4,
          0,
          3,
          0,
          17
        ]
      ]
    },
    "por_aux_head": {
      "accuracy": 0.34444444444444444,
      "f1_macro": 0.21088774684548775,
      "f1_por_classe": {
        "black_bars": 0.4489795918367347,
        "disordered_layout": 0.11764705882352941,
        "distortion": 0.0,
        "empty_space": 0.20689655172413793,
        "orientation": 0.0,
        "overlay": 0.4918032786885246
      },
      "confusion_matrix": [
        [
          11,
          2,
          0,
          4,
          1,
          9
        ],
        [
          4,
          2,
          0,
          2,
          1,
          5
        ],
        [
          1,
          2,
          0,
          0,
          0,
          0
        ],
        [
          2,
          7,
          0,
          3,
          0,
          5
        ],
        [
          1,
          1,
          0,
          0,
          0,
          0
        ],
        [
          3,
          6,
          0,
          3,
          0,
          15
        ]
      ]
    },
    "nota": "categoria atribuida SO a imagens de ERRO (held-out). 'por_prototipo' = clusterizacao no espaco z (protótipo mais próximo)."
  },
  "estagio2_categoria_treino": {
    "n_erro": 223,
    "classes": [
      "black_bars",
      "disordered_layout",
      "distortion",
      "empty_space",
      "orientation",
      "overlay"
    ],
    "por_prototipo": {
      "accuracy": 0.9327354260089686,
      "f1_macro": 0.9490525405225948,
      "f1_por_classe": {
        "black_bars": 0.9774436090225563,
        "disordered_layout": 0.9090909090909091,
        "distortion": 1.0,
        "empty_space": 0.8974358974358975,
        "orientation": 1.0,
        "overlay": 0.9103448275862069
      },