{
  "n_test": 131,
  "multiclass": true,
  "target_precision": 0.95,
  "global_vs_baselines": {
    "modelo_proto": {
      "auroc": 0.7346883468834688,
      "ap": 0.819655130336512
    },
    "modelo_aux": {
      "auroc": 0.7485094850948509,
      "ap": 0.8419200878677356
    },
    "modelo_fusao": {
      "auroc": 0.7436314363143631,
      "ap": 0.8217587881471576
    },
    "baseline_confound_resaspect_photo": {
      "auroc": 0.7222222222222222,
      "ap": 0.9089446110368286
    },
    "baseline_resolucao_trivial": {
      "auroc": 1.0,
      "ap": 1.0
    },
    "baseline_logreg_dinov2_cru": {
      "auroc": 0.8897018970189702,
      "ap": 0.9436743998591951
    },
    "baseline_oneclass_knn_dinov2": {
      "auroc": 0.7398373983739837,
      "ap": 0.8192234210821747
    },
    "baseline_fracao_padding_cinza": {
      "auroc": 0.9555555555555556,
      "ap": 0.9859277369779377
    }
  },
  "primaria_subconjunto_controlado": {
    "n": 69,
    "n_erro": 28,
    "modelo_fusao": {
      "auroc": 0.6628919860627177,
      "ap": 0.5622873597211823
    },
    "modelo_proto": {
      "auroc": 0.6567944250871081,
      "ap": 0.5520956226415824
    },
    "baseline_confound": {
      "auroc": 0.4642857142857143,
      "ap": 0.6673116738334129
    },
    "ci95_fusao_auroc": [
      0.5357312233836625,
      0.7850182360742706
    ]
  },
  "sintetico_livre_de_confound": {
    "n_clean": 41,
    "n_synth": 164,
    "modelo_proto": {
      "auroc": 0.7497025580011898,
      "ap": 0.9049699012533879
    },
    "modelo_fusao": {
      "auroc": 0.7626412849494348,
      "ap": 0.9105083243285965
    },
    "nota": "erros injetados nas proprias imagens limpas de teste (mesma resolucao) -> sem confound geometrico"
  },
  "auditoria_same_resolution": {
    "n": 1,
    "itens": [
      {
        "file": "IKSWW-99166_unfold_portrait_screenshot1.png",
        "score_proto": 0.4417187571525574,
        "fused": 0.8066052794456482,
        "independente": true
      }
    ],
    "nota": "Screenshot_* sao quase-duplicatas da sessao no_erros; 'independente'=True e o unico teste real anti-confound"
  },
  "falseabilidade": {
    "auroc_modelo_predizendo_resolucao": 0.7436314363143631,
    "auroc_modelo_predizendo_erro": 0.7436314363143631,
    "interpretacao": "Se os dois AUROC sao parecidos, o modelo rastreia resolucao, nao erro. Diferenca grande favorece deteccao de conteudo.",
    "auroc_label_shuffle_no_estrato": 0.8864498644986449
  },
  "limiar_por_precisao": {
    "precisao_alvo_0.9": {
      "threshold": 0.7553347945213318,
      "val": {
        "val_precision": 0.9166666666666666,
        "val_recall": 0.19642857142857142,
        "target_precision": 0.9
      },
      "test_precision": 0.84375,
      "test_recall": 0.3,
      "test_tp": 27,
      "test_fp": 5,
      "test_fn": 63
    },
    "precisao_alvo_0.95": {
      "threshold": 0.7679275870323181,
      "val": {
        "val_precision": 1.0,
        "val_recall": 0.14285714285714285,
        "target_precision": 0.95
      },
      "test_precision": 0.8214285714285714,
      "test_recall": 0.25555555555555554,
      "test_tp": 23,
      "test_fp": 5,
      "test_fn": 67
    },
    "precisao_alvo_0.99": {
      "threshold": 0.7679275870323181,
      "val": {
        "val_precision": 1.0,
        "val_recall": 0.14285714285714285,
        "target_precision": 0.99
      },
      "test_precision": 0.8214285714285714,
      "test_recall": 0.25555555555555554,
      "test_tp": 23,
      "test_fp": 5,
      "test_fn": 67
    }
  },
  "precision_at_k": {
    "5": 0.8,
    "10": 0.8,
    "20": 0.8
  },
  "ci95_global_auroc_fusao": [
    0.639755823285677,
    0.8349254922797968
  ],
  "ponto_operacao": {
    "objetivo": "f1",
    "threshold": 0.6603237390518188,
    "n": 131,
    "acuracia": 0.7862595419847328,
    "balanced_accuracy": 0.7249322493224932,
    "precisao": 0.8163265306122449,
    "recall": 0.8888888888888888,
    "f1": 0.851063829787234,
    "auroc": 0.7436314363143631,
    "ap": 0.8217587881471576,
    "confusao": {
      "TP": 80,
      "TN": 23,
      "FP": 18,
      "FN": 10
    },
    "ci95_acuracia": [
      0.7195891608391609,
      0.8560015151515151
    ]
  },
  "ponto_operacao_treino": {
    "objetivo": "f1",
    "threshold": 0.6603237390518188,
    "n": 328,
    "acuracia": 0.9237804878048781,
    "balanced_accuracy": 0.936386931454196,
    "precisao": 0.9852941176470589,
    "recall": 0.9013452914798207,
    "f1": 0.9414519906323185,
    "auroc": 0.9882553918428358,
    "ap": 0.994237790773582,
    "confusao": {
      "TP": 201,
      "TN": 102,
      "FP": 3,
      "FN": 22
    },
    "ci95_acuracia": [
      0.8905262840607668,
      0.9492565652748914
    ]
  },
  "estagio2_categoria": {
    "n_erro": 90,
    "classes": [
      "black_bars",
      "disordered_layout",
      "distortion",
      "empty_space",
      "orientation",
      "overlay"
    ],
    "por_prototipo": {
      "accuracy": 0.37777777777777777,
      "f1_macro": 0.2369318181818182,
      "f1_por_classe": {
        "black_bars": 0.5416666666666666,
        "disordered_layout": 0.24242424242424243,
        "distortion": 0.0,
        "empty_space": 0.2,
        "orientation": 0.0,
        "overlay": 0.4375
      },
      "confusion_matrix": [
        [
          13,
          3,
          0,
          4,
          0,
          7
        ],
        [
          1,
          4,
          0,
          2,
          0,
          7
        ],
        [
          1,
          1,
          0,
          0,
          0,
          1
        ],
        [
          2,
          5,
          0,
          3,
          0,
          7
        ],
        [
          1,
          0,
          0,
          0,
          0,
          1
        ],
        [
          3,
          6,
          0,
          4,
          0,
          14
        ]
      ]
    },
    "por_aux_head": {
      "accuracy": 0.4,
      "f1_macro": 0.24712177928271792,
      "f1_por_classe": {
        "black_bars": 0.5490196078431373,
        "disordered_layout": 0.25806451612903225,
        "distortion": 0.0,
        "empty_space": 0.20689655172413793,
        "orientation": 0.0,
        "overlay": 0.46875
      },
      "confusion_matrix": [
        [
          14,
          2,
          0,
          4,
          0,
          7
        ],
        [
          2,
          4,
          0,
          2,
          0,
          6
        ],
        [
          1,
          0,
          0,
          0,
          0,
          2
        ],
        [
          2,
          6,
          0,
          3,
          0,
          6
        ],
        [
          1,
          0,
          0,
          0,
          0,
          1
        ],
        [
          4,
          5,
          0,
          3,
          0,
          15
        ]
      ]
    },
    "nota": "categoria atribuida SO a imagens de ERRO (held-out). 'por_prototipo' = clusterizacao no espaco z (protótipo mais próximo)."
  },
  "estagio2_categoria_treino": {
    "n_erro": 223,
    "classes": [
      "black_bars",
      "disordered_layout",
      "distortion",
      "empty_space",
      "orientation",
      "overlay"
    ],
    "por_prototipo": {
      "accuracy": 1.0,
      "f1_macro": 1.0,
      "f1_por_classe": {
        "black_bars": 1.0,
        "disordered_layout": 1.0,
        "distortion": 1.0,
        "empty_space": 1.0,
        "orientation": 1.0,
        "overlay": 1.0
      },