{
  "n_test": 131,
  "multiclass": true,
  "target_precision": 0.95,
  "global_vs_baselines": {
    "modelo_proto": {
      "auroc": 0.6902439024390243,
      "ap": 0.8202431505712058
    },
    "modelo_aux": {
      "auroc": 0.7029810298102981,
      "ap": 0.8142065614906329
    },
    "modelo_fusao": {
      "auroc": 0.7037940379403794,
      "ap": 0.8231702297332755
    },
    "baseline_confound_resaspect_photo": {
      "auroc": 0.7222222222222222,
      "ap": 0.9089446110368286
    },
    "baseline_resolucao_trivial": {
      "auroc": 1.0,
      "ap": 1.0
    },
    "baseline_logreg_dinov2_cru": {
      "auroc": 0.8897018970189702,
      "ap": 0.9436743998591951
    },
    "baseline_oneclass_knn_dinov2": {
      "auroc": 0.7398373983739837,
      "ap": 0.8192234210821747
    },
    "baseline_fracao_padding_cinza": {
      "auroc": 0.9555555555555556,
      "ap": 0.9859277369779377
    }
  },
  "primaria_subconjunto_controlado": {
    "n": 69,
    "n_erro": 28,
    "modelo_fusao": {
      "auroc": 0.6245644599303136,
      "ap": 0.5920922056826708
    },
    "modelo_proto": {
      "auroc": 0.5966898954703833,
      "ap": 0.5803636459457742
    },
    "baseline_confound": {
      "auroc": 0.4642857142857143,
      "ap": 0.6673116738334129
    },
    "ci95_fusao_auroc": [
      0.47786585365853657,
      0.7598338293650795
    ]
  },
  "sintetico_livre_de_confound": {
    "n_clean": 41,
    "n_synth": 164,
    "modelo_proto": {
      "auroc": 0.7764723378941106,
      "ap": 0.9299473328343688
    },
    "modelo_fusao": {
      "auroc": 0.7842058298631768,
      "ap": 0.9320684889212831
    },
    "nota": "erros injetados nas proprias imagens limpas de teste (mesma resolucao) -> sem confound geometrico"
  },
  "auditoria_same_resolution": {
    "n": 1,
    "itens": [
      {
        "file": "IKSWW-99166_unfold_portrait_screenshot1.png",
        "score_proto": 0.7081656455993652,
        "fused": 0.8518445491790771,
        "independente": true
      }
    ],
    "nota": "Screenshot_* sao quase-duplicatas da sessao no_erros; 'independente'=True e o unico teste real anti-confound"
  },
  "falseabilidade": {
    "auroc_modelo_predizendo_resolucao": 0.7037940379403794,
    "auroc_modelo_predizendo_erro": 0.7037940379403794,
    "interpretacao": "Se os dois AUROC sao parecidos, o modelo rastreia resolucao, nao erro. Diferenca grande favorece deteccao de conteudo.",
    "auroc_label_shuffle_no_estrato": 0.8864498644986449
  },
  "limiar_por_precisao": {
    "precisao_alvo_0.9": {
      "threshold": 0.7688153386116028,
      "val": {
        "val_precision": 0.9230769230769231,
        "val_recall": 0.21428571428571427,
        "target_precision": 0.9
      },
      "test_precision": 0.8333333333333334,
      "test_recall": 0.3333333333333333,
      "test_tp": 30,
      "test_fp": 6,
      "test_fn": 60
    },
    "precisao_alvo_0.95": {
      "threshold": 0.7888786792755127,
      "val": {
        "val_precision": 1.0,
        "val_recall": 0.14285714285714285,
        "target_precision": 0.95
      },
      "test_precision": 0.8636363636363636,
      "test_recall": 0.2111111111111111,
      "test_tp": 19,
      "test_fp": 3,
      "test_fn": 71
    },
    "precisao_alvo_0.99": {
      "threshold": 0.7888786792755127,
      "val": {
        "val_precision": 1.0,
        "val_recall": 0.14285714285714285,
        "target_precision": 0.99
      },
      "test_precision": 0.8636363636363636,
      "test_recall": 0.2111111111111111,
      "test_tp": 19,
      "test_fp": 3,
      "test_fn": 71
    }
  },
  "precision_at_k": {
    "5": 1.0,
    "10": 0.9,
    "20": 0.85
  },
  "ci95_global_auroc_fusao": [
    0.6063056905978432,
    0.7991951804915515
  ],
  "ponto_operacao": {
    "objetivo": "f1",
    "threshold": 0.5247382521629333,
    "n": 131,
    "acuracia": 0.7251908396946565,
    "balanced_accuracy": 0.5609756097560976,
    "precisao": 0.7142857142857143,
    "recall": 1.0,
    "f1": 0.8333333333333334,
    "auroc": 0.7037940379403794,
    "ap": 0.8231702297332755,
    "confusao": {
      "TP": 90,
      "TN": 5,
      "FP": 36,
      "FN": 0
    },
    "ci95_acuracia": [
      0.6484265625,
      0.7985074626865671
    ]
  },
  "ponto_operacao_treino": {
    "objetivo": "f1",
    "threshold": 0.5247382521629333,
    "n": 328,
    "acuracia": 0.8292682926829268,
    "balanced_accuracy": 0.7333333333333334,
    "precisao": 0.7992831541218638,
    "recall": 1.0,
    "f1": 0.8884462151394422,
    "auroc": 0.9843689942344651,
    "ap": 0.9924962627309888,
    "confusao": {
      "TP": 223,
      "TN": 49,
      "FP": 56,
      "FN": 0
    },
    "ci95_acuracia": [
      0.7872673656618611,
      0.8708732926474863
    ]
  },
  "estagio2_categoria": {
    "n_erro": 90,
    "classes": [
      "black_bars",
      "disordered_layout",
      "distortion",
      "empty_space",
      "orientation",
      "overlay"
    ],
    "por_prototipo": {
      "accuracy": 0.36666666666666664,
      "f1_macro": 0.22759103641456582,
      "f1_por_classe": {
        "black_bars": 0.5714285714285714,
        "disordered_layout": 0.06666666666666667,
        "distortion": 0.0,
        "empty_space": 0.29411764705882354,
        "orientation": 0.0,
        "overlay": 0.43333333333333335
      },
      "confusion_matrix": [
        [
          14,
          1,
          0,
          4,
          1,
          7
        ],
        [
          0,
          1,
          0,
          4,
          1,
          8
        ],
        [
          1,
          2,
          0,
          0,
          0,
          0
        ],
        [
          2,
          5,
          0,
          5,
          0,
          5
        ],
        [
          1,
          1,
          0,
          0,
          0,
          0
        ],
        [
          4,
          6,
          0,
          4,
          0,
          13
        ]
      ]
    },
    "por_aux_head": {
      "accuracy": 0.36666666666666664,
      "f1_macro": 0.22691037997119753,
      "f1_por_classe": {
        "black_bars": 0.56,
        "disordered_layout": 0.06666666666666667,
        "distortion": 0.0,
        "empty_space": 0.29411764705882354,
        "orientation": 0.0,
        "overlay": 0.4406779661016949
      },
      "confusion_matrix": [
        [
          14,
          1,
          0,
          4,
          1,
          7
        ],
        [
          0,
          1,
          0,
          4,
          1,
          8
        ],
        [
          1,
          2,
          0,
          0,
          0,
          0
        ],
        [
          3,
          5,
          0,
          5,
          0,
          4
        ],
        [
          1,
          1,
          0,
          0,
          0,
          0
        ],
        [
          4,
          6,
          0,
          4,
          0,
          13
        ]
      ]
    },
    "nota": "categoria atribuida SO a imagens de ERRO (held-out). 'por_prototipo' = clusterizacao no espaco z (protótipo mais próximo)."
  },
  "estagio2_categoria_treino": {
    "n_erro": 223,
    "classes": [
      "black_bars",
      "disordered_layout",
      "distortion",
      "empty_space",
      "orientation",
      "overlay"
    ],
    "por_prototipo": {
      "accuracy": 0.9730941704035875,
      "f1_macro": 0.9767783142783143,
      "f1_por_classe": {
        "black_bars": 1.0,
        "disordered_layout": 0.9206349206349206,
        "distortion": 1.0,
        "empty_space": 0.975,
        "orientation": 1.0,
        "overlay": 0.965034965034965
      },