{
  "n_test": 131,
  "multiclass": true,
  "target_precision": 0.95,
  "global_vs_baselines": {
    "modelo_proto": {
      "auroc": 0.7211382113821138,
      "ap": 0.8382588604866557
    },
    "modelo_aux": {
      "auroc": 0.7593495934959349,
      "ap": 0.8252524444285287
    },
    "modelo_fusao": {
      "auroc": 0.767479674796748,
      "ap": 0.8518049272548631
    },
    "baseline_confound_resaspect_photo": {
      "auroc": 0.7222222222222222,
      "ap": 0.9089446110368286
    },
    "baseline_resolucao_trivial": {
      "auroc": 1.0,
      "ap": 1.0
    },
    "baseline_logreg_dinov2_cru": {
      "auroc": 0.8897018970189702,
      "ap": 0.9436743998591951
    },
    "baseline_oneclass_knn_dinov2": {
      "auroc": 0.7398373983739837,
      "ap": 0.8192234210821747
    },
    "baseline_fracao_padding_cinza": {
      "auroc": 0.9555555555555556,
      "ap": 0.9859277369779377
    }
  },
  "primaria_subconjunto_controlado": {
    "n": 69,
    "n_erro": 28,
    "modelo_fusao": {
      "auroc": 0.6881533101045296,
      "ap": 0.621586641123808
    },
    "modelo_proto": {
      "auroc": 0.6480836236933798,
      "ap": 0.6153415990882892
    },
    "baseline_confound": {
      "auroc": 0.4642857142857143,
      "ap": 0.6673116738334129
    },
    "ci95_fusao_auroc": [
      0.5423619002525253,
      0.8136404693602749
    ]
  },
  "sintetico_livre_de_confound": {
    "n_clean": 41,
    "n_synth": 164,
    "modelo_proto": {
      "auroc": 0.7668798334324807,
      "ap": 0.9252858679596768
    },
    "modelo_fusao": {
      "auroc": 0.7790749553837002,
      "ap": 0.9260977710087327
    },
    "nota": "erros injetados nas proprias imagens limpas de teste (mesma resolucao) -> sem confound geometrico"
  },
  "auditoria_same_resolution": {
    "n": 1,
    "itens": [
      {
        "file": "IKSWW-99166_unfold_portrait_screenshot1.png",
        "score_proto": 0.719741702079773,
        "fused": 0.7735938429832458,
        "independente": true
      }
    ],
    "nota": "Screenshot_* sao quase-duplicatas da sessao no_erros; 'independente'=True e o unico teste real anti-confound"
  },
  "falseabilidade": {
    "auroc_modelo_predizendo_resolucao": 0.767479674796748,
    "auroc_modelo_predizendo_erro": 0.767479674796748,
    "interpretacao": "Se os dois AUROC sao parecidos, o modelo rastreia resolucao, nao erro. Diferenca grande favorece deteccao de conteudo.",
    "auroc_label_shuffle_no_estrato": 0.8864498644986449
  },
  "limiar_por_precisao": {
    "precisao_alvo_0.9": {
      "threshold": 0.7698959708213806,
      "val": {
        "val_precision": 1.0,
        "val_recall": 0.10714285714285714,
        "target_precision": 0.9
      },
      "test_precision": 0.8888888888888888,
      "test_recall": 0.17777777777777778,
      "test_tp": 16,
      "test_fp": 2,
      "test_fn": 74
    },
    "precisao_alvo_0.95": {
      "threshold": 0.7698959708213806,
      "val": {
        "val_precision": 1.0,
        "val_recall": 0.10714285714285714,
        "target_precision": 0.95
      },
      "test_precision": 0.8888888888888888,
      "test_recall": 0.17777777777777778,
      "test_tp": 16,
      "test_fp": 2,
      "test_fn": 74
    },
    "precisao_alvo_0.99": {
      "threshold": 0.7698959708213806,
      "val": {
        "val_precision": 1.0,
        "val_recall": 0.10714285714285714,
        "target_precision": 0.99
      },
      "test_precision": 0.8888888888888888,
      "test_recall": 0.17777777777777778,
      "test_tp": 16,
      "test_fp": 2,
      "test_fn": 74
    }
  },
  "precision_at_k": {
    "5": 1.0,
    "10": 0.9,
    "20": 0.85
  },
  "ci95_global_auroc_fusao": [
    0.6691208389106421,
    0.8529261101613596
  ],
  "ponto_operacao": {
    "objetivo": "f1",
    "threshold": 0.6490486264228821,
    "n": 131,
    "acuracia": 0.7938931297709924,
    "balanced_accuracy": 0.7238482384823848,
    "precisao": 0.8118811881188119,
    "recall": 0.9111111111111111,
    "f1": 0.8586387434554974,
    "auroc": 0.767479674796748,
    "ap": 0.8518049272548631,
    "confusao": {
      "TP": 82,
      "TN": 22,
      "FP": 19,
      "FN": 8
    },
    "ci95_acuracia": [
      0.720906976744186,
      0.8582925051035287
    ]
  },
  "ponto_operacao_treino": {
    "objetivo": "f1",
    "threshold": 0.6490486264228821,
    "n": 328,
    "acuracia": 0.9786585365853658,
    "balanced_accuracy": 0.9742259235532778,
    "precisao": 0.9821428571428571,
    "recall": 0.9865470852017937,
    "f1": 0.9843400447427293,
    "auroc": 0.9976937860345932,
    "ap": 0.9988699640887038,
    "confusao": {
      "TP": 220,
      "TN": 101,
      "FP": 4,
      "FN": 3
    },
    "ci95_acuracia": [
      0.9606060606060606,
      0.9912549119026492
    ]
  },
  "estagio2_categoria": {
    "n_erro": 90,
    "classes": [
      "black_bars",
      "disordered_layout",
      "distortion",
      "empty_space",
      "orientation",
      "overlay"
    ],
    "por_prototipo": {
      "accuracy": 0.34444444444444444,
      "f1_macro": 0.20216049382716048,
      "f1_por_classe": {
        "black_bars": 0.5357142857142857,
        "disordered_layout": 0.0,
        "distortion": 0.0,
        "empty_space": 0.2962962962962963,
        "orientation": 0.0,
        "overlay": 0.38095238095238093
      },
      "confusion_matrix": [
        [
          15,
          2,
          0,
          1,
          1,
          8
        ],
        [
          4,
          0,
          0,
          1,
          1,
          8
        ],
        [
          1,
          1,
          0,
          0,
          0,
          1
        ],
        [
          3,
          3,
          0,
          4,
          0,
          7
        ],
        [
          1,
          1,
          0,
          0,
          0,
          0
        ],
        [
          5,
          5,
          0,
          4,
          1,
          12
        ]
      ]
    },
    "por_aux_head": {
      "accuracy": 0.3333333333333333,
      "f1_macro": 0.20566778900112234,
      "f1_por_classe": {
        "black_bars": 0.5,
        "disordered_layout": 0.07407407407407407,
        "distortion": 0.0,
        "empty_space": 0.2962962962962963,
        "orientation": 0.0,
        "overlay": 0.36363636363636365
      },
      "confusion_matrix": [
        [
          13,
          2,
          0,
          1,
          1,
          10
        ],
        [
          2,
          1,
          0,
          1,
          1,
          9
        ],
        [
          1,
          1,
          0,
          0,
          0,
          1
        ],
        [
          3,
          3,
          0,
          4,
          0,
          7
        ],
        [
          1,
          1,
          0,
          0,
          0,
          0
        ],
        [
          5,
          5,
          0,
          4,
          1,
          12
        ]
      ]
    },
    "nota": "categoria atribuida SO a imagens de ERRO (held-out). 'por_prototipo' = clusterizacao no espaco z (protótipo mais próximo)."
  },
  "estagio2_categoria_treino": {
    "n_erro": 223,
    "classes": [
      "black_bars",
      "disordered_layout",
      "distortion",
      "empty_space",
      "orientation",
      "overlay"
    ],
    "por_prototipo": {
      "accuracy": 1.0,
      "f1_macro": 1.0,
      "f1_por_classe": {
        "black_bars": 1.0,
        "disordered_layout": 1.0,
        "distortion": 1.0,
        "empty_space": 1.0,
        "orientation": 1.0,
        "overlay": 1.0
      },